t,q1,q2,q3,q4,q5,q6,raw_fx,raw_fy,raw_fz,raw_tx,raw_ty,raw_tz,act_fx,act_fy,act_fz,act_tx,act_ty,act_tz,err,enabled,estop
0.068557073,-0.0577138495732,1.64233737283,-1.65568687268,1.53206153657,1.59073653897,0.6745538734,-10.2,4.3,-2.1,0,0.1,0.2,-8.19399995804,-7.98434331576,6.2360004425,0.699999988079,-0.799999976158,-2.98023186492e-09,0,1,0
0.186770420,-0.0577138495732,1.64233737283,-1.65568687268,1.53206153657,1.59073653897,0.6745538734,-10.2,4.2,-2.1,0,0.1,0.2,-8.19399995804,-7.97366288208,6.2360004425,0.699999988079,-0.799999976158,-2.9802318662e-09,0,1,0
0.306339011,-0.0577138495732,1.64233737283,-1.65568687268,1.53206153657,1.59073653897,0.6745538734,-10.2,4.2,-2.1,0,0.1,0.2,-8.19399995804,-7.97071088856,6.2360004425,0.699999988079,-0.799999976158,-2.98023186969e-09,0,1,0
0.425072502,-0.0577138495732,1.64233737283,-1.65568687268,1.53206153657,1.59073653897,0.6745538734,-10.2,4.2,-2.1,0,0.1,0.2,-8.19399995804,-7.99240818555,6.2360004425,0.699999988079,-0.799999976158,-2.98023185927e-09,0,1,0
0.543855237,-0.0577138495732,1.64233737283,-1.65568687268,1.53206153657,1.59073653897,0.6745538734,-10.2,4.3,-2.1,0,0.1,0.2,-8.19399995804,-7.98402042793,6.2360004425,0.699999988079,-0.799999976158,-2.98023186608e-09,0,1,0
0.663198905,-0.0577138495732,1.64233737283,-1.65568687268,1.53206153657,1.59073653897,0.6745538734,-10.2,4.2,-2.1,0,0.1,0.2,-8.19399995804,-7.9725832652,6.2360004425,0.699999988079,-0.799999976158,-2.98023187003e-09,0,1,0
0.781538739,-0.0577138495732,1.64233737283,-1.65568687268,1.53206153657,1.59073653897,0.6745538734,-10.2,4.3,-2.1,0,0.1,0.2,-8.19399995804,-7.99280294832,6.2360004425,0.699999988079,-0.799999976158,-2.98023186509e-09,0,1,0
0.901234654,-0.0577138495732,1.64233737283,-1.65568687268,1.53206153657,1.59073653897,0.6745538734,-10.2,4.2,-2.1,0,0.1,0.2,-8.19399995804,-7.98907518099,6.2360004425,0.699999988079,-0.799999976158,-2.98023186551e-09,0,1,0
1.019591274,-0.0577138495732,1.64233737283,-1.65568687268,1.53206153657,1.59073653897,0.6745538734,-10.2,4.3,-2.1,0,0.1,0.2,-8.19399995804,-7.98853613991,6.2360004425,0.699999988079,-0.799999976158,-2.98023186205e-09,0,1,0
1.138008612,-0.0577138495732,1.64233737283,-1.65568687268,1.53206153657,1.59073653897,0.6745538734,-10.2,4.2,-2.1,0,0.1,0.2,-8.19399995804,-7.97095848669,6.2360004425,0.699999988079,-0.799999976158,-2.98023185786e-09,0,1,0
1.261104497,-0.0577138495732,1.64233737283,-1.65568687268,1.53206153657,1.59073653897,0.6745538734,-10.2,4.2,-2.1,0,0.1,0.2,-8.19399995804,-8.00030863314,6.2360004425,0.699999988079,-0.799999976158,-2.98023186904e-09,0,1,0
1.379821340,-0.0577138495732,1.64233737283,-1.65568687268,1.53206153657,1.59073653897,0.6745538734,-10.2,4.3,-2.1,0,0.1,0.2,-8.19399995804,-7.99876570332,6.2360004425,0.699999988079,-0.799999976158,-2.98023186786e-09,0,1,0
1.499037874,-0.0577138495732,1.64233737283,-1.65568687268,1.53206153657,1.59073653897,0.6745538734,-10.2,4.2,-2.1,0,0.1,0.2,-8.19399995804,-7.98734923195,6.2360004425,0.699999988079,-0.799999976158,-2.98023186125e-09,0,1,0
1.615365975,-0.0577138495732,1.64233737283,-1.65568687268,1.53206153657,1.59073653897,0.6745538734,-10.2,4.2,-2.1,0,0.1,0.2,-8.19399995804,-7.97696622323,6.2360004425,0.699999988079,-0.799999976158,-2.98023186562e-09,0,1,0
1.731745639,-0.0577138495732,1.64233737283,-1.65568687268,1.53206153657,1.59073653897,0.6745538734,-10.2,4.2,-2.1,0,0.1,0.2,-8.19399995804,-7.98468360507,6.2360004425,0.699999988079,-0.799999976158,-2.98023186677e-09,0,1,0
1.847886149,-0.0577138495732,1.64233737283,-1.65568687268,1.53206153657,1.59073653897,0.6745538734,-10.2,4.2,-2.1,0,0.1,0.2,-8.19399995804,-7.98633487711,6.2360004425,0.699999988079,-0.799999976158,-2.9802318645e-09,0,1,0
1.964226485,-0.0577138495732,1.64233737283,-1.65568687268,1.53206153657,1.59073653897,0.6745538734,-10.2,4.2,-2.1,0,0.1,0.2,-8.19399995804,-7.9846809627,6.2360004425,0.699999988079,-0.799999976158,-2.98023187362e-09,0,1,0
2.081332225,-0.0577138495732,1.64233737283,-1.65568687268,1.53206153657,1.59073653897,0.6745538734,-10.2,4.3,-2.1,0,0.1,0.2,-8.19399995804,-7.98523184447,6.2360004425,0.699999988079,-0.799999976158,-2.98023186125e-09,0,1,0
2.202788023,-0.0577138495732,1.64233737283,-1.65568687268,1.53206153657,1.59073653897,0.6745538734,-10.2,4.2,-2.1,0,0.1,0.2,-8.19399995804,-7.97914893248,6.2360004425,0.699999988079,-0.799999976158,-2.98023186296e-09,0,1,0
2.321113831,-0.0577138495732,1.64233737283,-1.65568687268,1.53206153657,1.59073653897,0.6745538734,-10.2,4.2,-2.1,0,0.1,0.2,-8.19399995804,-7.99448176304,6.2360004425,0.699999988079,-0.799999976158,-2.98023187196e-09,0,1,0
2.439387439,-0.0577138495732,1.64233737283,-1.65568687268,1.53206153657,1.59073653897,0.6745538734,-10.2,4.2,-2.1,0,0.1,0.2,-8.19399995804,-7.98350745459,6.2360004425,0.699999988079,-0.799999976158,-2.98023186871e-09,0,1,0
2.571651008,-0.0577138495732,1.64233737283,-1.65568687268,1.53206153657,1.59073653897,0.6745538734,-10.2,4.2,-2.1,0,0.1,0.2,-8.19399995804,-7.96562505411,6.2360004425,0.699999988079,-0.799999976158,-2.98023186232e-09,0,1,0
2.687810211,-0.0577138495732,1.64233737283,-1.65568687268,1.53206153657,1.59073653897,0.6745538734,-10.2,4.2,-2.1,0,0.1,0.2,-8.19399995804,-7.99235161731,6.2360004425,0.699999988079,-0.799999976158,-2.98023186969e-09,0,1,0
2.804056456,-0.0577138495732,1.64233737283,-1.65568687268,1.53206153657,1.59073653897,0.6745538734,-10.2,4.2,-2.1,0,0.1,0.2,-8.19399995804,-7.99248314607,6.2360004425,0.699999988079,-0.799999976158,-2.98023186425e-09,0,1,0
2.922088540,-0.0577138495732,1.64233737283,-1.65568687268,1.53206153657,1.59073653897,0.6745538734,-10.2,4.2,-2.1,0,0.1,0.2,-8.19399995804,-7.98675688861,6.2360004425,0.699999988079,-0.799999976158,-2.98023186156e-09,0,1,0
3.040102108,-0.0577138495732,1.64233737283,-1.65568687268,1.53206153657,1.59073653897,0.6745538734,-10.2,4.2,-2.1,0,0.1,0.2,-8.19399995804,-7.96954906132,6.2360004425,0.699999988079,-0.799999976158,-2.98023186969e-09,0,1,0
3.157501778,-0.0577138495732,1.64233737283,-1.65568687268,1.53206153657,1.59073653897,0.6745538734,-10.2,4.2,-2.1,0,0.1,0.2,-8.19399995804,-7.97843094673,6.2360004425,0.699999988079,-0.799999976158,-2.98023186317e-09,0,1,0
3.276212857,-0.0577138495732,1.64233737283,-1.65568687268,1.53206153657,1.59073653897,0.6745538734,-10.2,4.2,-2.1,0,0.1,0.2,-8.19399995804,-7.99222011327,6.2360004425,0.699999988079,-0.799999976158,-2.98023186879e-09,0,1,0
3.395259878,-0.0577138495732,1.64233737283,-1.65568687268,1.53206153657,1.59073653897,0.6745538734,-10.2,4.2,-2.1,0,0.1,0.2,-8.19399995804,-7.98199460864,6.2360004425,0.699999988079,-0.799999976158,-2.98023186661e-09,0,1,0
3.512584125,-0.0577138495732,1.64233737283,-1.65568687268,1.53206153657,1.59073653897,0.6745538734,-10.2,4.3,-2.1,0,0.1,0.2,-8.19399995804,-7.99952844971,6.2360004425,0.699999988079,-0.799999976158,-2.98023186305e-09,0,1,0
3.630635424,-0.0577138495732,1.64233737283,-1.65568687268,1.53206153657,1.59073653897,0.6745538734,-10.2,4.2,-2.1,0,0.1,0.2,-8.19399995804,-7.98062539647,6.2360004425,0.699999988079,-0.799999976158,-2.9802318637e-09,0,1,0
3.748554090,-0.0577138495732,1.64233737283,-1.65568687268,1.53206153657,1.59073653897,0.6745538734,-10.2,4.2,-2.1,0,0.1,0.2,-8.19399995804,-7.99195801528,6.2360004425,0.699999988079,-0.799999976158,-2.98023186305e-09,0,1,0
3.879157233,-0.0577138495732,1.64233737283,-1.65568687268,1.53206153657,1.59073653897,0.6745538734,-10.2,4.3,-2.1,0,0.1,0.2,-8.19399995804,-7.97975013057,6.2360004425,0.699999988079,-0.799999976158,-2.98023187231e-09,0,1,0
3.997676870,-0.0577138495732,1.64233737283,-1.65568687268,1.53206153657,1.59073653897,0.6745538734,-10.2,4.2,-2.1,0,0.1,0.2,-8.19399995804,-7.99684183594,6.2360004425,0.699999988079,-0.799999976158,-2.98023185782e-09,0,1,0
4.120293779,-0.0577138495732,1.64233737283,-1.65568687268,1.53206153657,1.59073653897,0.6745538734,-10.2,4.2,-2.1,0,0.1,0.2,-8.19399995804,-7.99181758476,6.2360004425,0.699999988079,-0.799999976158,-2.98023186445e-09,0,1,0
4.250900435,-0.0577138495732,1.64233737283,-1.65568687268,1.53206153657,1.59073653897,0.6745538734,-10.2,4.2,-2.1,0,0.1,0.2,-8.19399995804,-7.99783688615,6.2360004425,0.699999988079,-0.799999976158,-2.98023186674e-09,0,1,0
4.377389454,-0.0577138495732,1.64233737283,-1.65568687268,1.53206153657,1.59073653897,0.6745538734,-10.2,4.2,-2.1,0,0.1,0.2,-8.19399995804,-8.00016172751,6.2360004425,0.699999988079,-0.799999976158,-2.98023186697e-09,0,1,0
4.506423418,-0.0577138495732,1.64233737283,-1.65568687268,1.53206153657,1.59073653897,0.6745538734,-10.2,4.2,-2.1,0,0.1,0.2,-8.19399995804,-7.98952078617,6.2360004425,0.699999988079,-0.799999976158,-2.98023186677e-09,0,1,0
4.633950633,-0.0577138495732,1.64233737283,-1.65568687268,1.53206153657,1.59073653897,0.6745538734,-10.2,4.2,-2.1,0,0.1,0.2,-8.19399995804,-8.00030824033,6.2360004425,0.699999988079,-0.799999976158,-2.98023185823e-09,0,1,0
4.752706752,-0.0577138495732,1.64233737283,-1.65568687268,1.53206153657,1.59073653897,0.6745538734,-10.2,4.2,-2.1,0,0.1,0.2,-8.19399995804,-7.99149077504,6.2360004425,0.699999988079,-0.799999976158,-2.98023186551e-09,0,1,0
4.873937703,-0.0577138495732,1.64233737283,-1.65568687268,1.53206153657,1.59073653897,0.6745538734,-10.2,4.2,-2.1,0,0.1,0.2,-8.19399995804,-7.98896719455,6.2360004425,0.699999988079,-0.799999976158,-2.98023186905e-09,0,1,0
4.995997076,-0.0577138495732,1.64233737283,-1.65568687268,1.53206153657,1.59073653897,0.6745538734,-10.2,4.2,-2.1,0,0.1,0.2,-8.19399995804,-7.96011772709,6.2360004425,0.699999988079,-0.799999976158,-2.98023185458e-09,0,1,0
5.122050630,-0.0577138495732,1.64233737283,-1.65568687268,1.53206153657,1.59073653897,0.6745538734,-10.2,4.3,-2.1,0,0.1,0.2,-8.19399995804,-7.9898857402,6.2360004425,0.699999988079,-0.799999976158,-2.98023186254e-09,0,1,0
5.240108370,-0.0577138495732,1.64233737283,-1.65568687268,1.53206153657,1.59073653897,0.6745538734,-10.2,4.2,-2.1,0,0.1,0.2,-8.19399995804,-7.97586380564,6.2360004425,0.699999988079,-0.799999976158,-2.98023186786e-09,0,1,0
5.360873802,-0.0577138495732,1.64233737283,-1.65568687268,1.53206153657,1.59073653897,0.6745538734,-10.2,4.2,-2.1,0,0.1,0.2,-8.19399995804,-7.99070550792,6.2360004425,0.699999988079,-0.799999976158,-2.98023186956e-09,0,1,0
5.482861493,-0.0577138495732,1.64233737283,-1.65568687268,1.53206153657,1.59073653897,0.6745538734,-10.2,4.2,-2.1,0,0.1,0.2,-8.19399995804,-7.98247909111,6.2360004425,0.699999988079,-0.799999976158,-2.98023187101e-09,0,1,0
5.605965457,-0.0577138495732,1.64233737283,-1.65568687268,1.53206153657,1.59073653897,0.6745538734,-10.2,4.3,-2.1,0,0.1,0.2,-8.19399995804,-7.98523911851,6.2360004425,0.699999988079,-0.799999976158,-2.98023185651e-09,0,1,0
5.723610921,-0.0577138495732,1.64233737283,-1.65568687268,1.53206153657,1.59073653897,0.6745538734,-10.2,4.2,-2.1,0,0.1,0.2,-8.19399995804,-7.99184845195,6.2360004425,0.699999988079,-0.799999976158,-2.9802318662e-09,0,1,0
5.841558741,-0.0577138495732,1.64233737283,-1.65568687268,1.53206153657,1.59073653897,0.6745538734,-10.2,4.2,-2.1,0,0.1,0.2,-8.19399995804,-7.96728965635,6.2360004425,0.699999988079,-0.799999976158,-2.98023187306e-09,0,1,0
5.967044204,-0.0577138495732,1.64233737283,-1.65568687268,1.53206153657,1.59073653897,0.6745538734,-10.2,4.2,-2.1,0,0.1,0.2,-8.19399995804,-7.99359825658,6.2360004425,0.699999988079,-0.799999976158,-2.98023186792e-09,0,1,0
6.087598015,-0.0577138495732,1.64233737283,-1.65568687268,1.53206153657,1.59073653897,0.6745538734,-10.2,4.3,-2.1,0,0.1,0.2,-8.19399995804,-7.97948510629,6.2360004425,0.699999988079,-0.799999976158,-2.98023186479e-09,0,1,0
6.209187193,-0.0577138495732,1.64233737283,-1.65568687268,1.53206153657,1.59073653897,0.6745538734,-10.2,4.2,-2.1,0,0.1,0.2,-8.19399995804,-7.99008265006,6.2360004425,0.699999988079,-0.799999976158,-2.98023187101e-09,0,1,0
6.327964200,-0.0577138495732,1.64233737283,-1.65568687268,1.53206153657,1.59073653897,0.6745538734,-10.2,4.2,-2.1,0,0.1,0.2,-8.19399995804,-7.99990372758,6.2360004425,0.699999988079,-0.799999976158,-2.98023186879e-09,0,1,0
6.450814200,-0.0577138495732,1.64233737283,-1.65568687268,1.53206153657,1.59073653897,0.6745538734,-10.2,4.2,-2.1,0,0.1,0.2,-8.19399995804,-7.97850823981,6.2360004425,0.699999988079,-0.799999976158,-2.98023186562e-09,0,1,0
6.570631318,-0.0577138495732,1.64233737283,-1.65568687268,1.53206153657,1.59073653897,0.6745538734,-10.2,4.2,-2.1,0,0.1,0.2,-8.19399995804,-7.99351885086,6.2360004425,0.699999988079,-0.799999976158,-2.98023186969e-09,0,1,0
6.697409515,-0.0577138495732,1.64233737283,-1.65568687268,1.53206153657,1.59073653897,0.6745538734,-10.2,4.3,-2.1,0,0.1,0.2,-8.19399995804,-7.98867041621,6.2360004425,0.699999988079,-0.799999976158,-2.98023186067e-09,0,1,0
6.824130622,-0.0577138495732,1.64233737283,-1.65568687268,1.53206153657,1.59073653897,0.6745538734,-10.2,4.2,-2.1,0,0.1,0.2,-8.19399995804,-7.99969873021,6.2360004425,0.699999988079,-0.799999976158,-2.98023187076e-09,0,1,0
6.952353820,-0.0577138495732,1.64233737283,-1.65568687268,1.53206153657,1.59073653897,0.6745538734,-10.2,4.2,-2.1,0,0.1,0.2,-8.19399995804,-7.99154032542,6.2360004425,0.699999988079,-0.799999976158,-2.98023186156e-09,0,1,0
7.075393450,-0.0577138495732,1.64233737283,-1.65568687268,1.53206153657,1.59073653897,0.6745538734,-10.2,4.3,-2.1,0,0.1,0.2,-8.19399995804,-7.98705554891,6.2360004425,0.699999988079,-0.799999976158,-2.98023186469e-09,0,1,0
7.205937048,-0.0577138495732,1.64233737283,-1.65568687268,1.53206153657,1.59073653897,0.6745538734,-10.2,4.2,-2.1,0,0.1,0.2,-8.19399995804,-7.98999030239,6.2360004425,0.699999988079,-0.799999976158,-2.98023186251e-09,0,1,0
