run_id,success,base_x,base_y,base_yaw,q1,q2,q3,q4,q5,q6,entry_position_error_m,entry_normal_error_rad,planning_wall_time_s,nominal_execution_time_s,approach_time_s,contact_time_s,trajectory_points,base_travel_m,arm_travel_rad,min_joint_margin_rad,min_joint_margin_normalized,min_manipulability,min_self_collision_clearance_m,max_joint_speed_rad_s,hybrid_expanded_nodes,ik_rejections,collision_rejections,error
0,1,0.67,2.06,0,0.110157787329,2.14620220683,2.38412349242,-1.38873598117,4.60143488943,0.78530161362,7.56255331704e-07,7.5556381548e-07,3.749665302,442.644335584,39.5,403.144335584,705,10.26,4.09415216901,0.0912640188291,0.0149613145622,0.0274266705783,0.00559314331845,0.05,699,0,0,""
1,0,0.95,2.06,0.1,-2.98466609295,1.46775634014,-2.04909321163,0.581334789507,4.97011176224,3.92688777373,4.02512957551e-07,2.36078791585e-07,3.876362012,nan,nan,nan,0,nan,nan,inf,inf,inf,inf,0,638,11,0,"Pre-contact-conditioned Hybrid A* failed at coverage keypoint 270/360"
2,0,0.59,2.0125,0.15,-0.275779821897,2.20523836364,2.17183401587,-1.23548287671,4.83737242024,0.785302331432,6.43501154368e-07,5.49527672368e-07,11.867569446,nan,nan,nan,0,nan,nan,inf,inf,inf,inf,0,1568,0,165,"Generated trajectory violates the no-lateral-slip constraint"
3,0,0.91,2.1075,-0.1,3.40741727214,1.00334241683,-2.42220235156,4.56045552335,1.40417521192,0.785301451882,7.2196851017e-07,7.96620035447e-07,5.768747752,nan,nan,nan,0,nan,nan,inf,inf,inf,inf,0,938,0,45,"Generated trajectory violates the no-lateral-slip constraint"
4,0,0.71,2.03625,0.15,0.0748681139653,2.15741420841,2.33679268488,-1.35261728805,4.48672456312,0.78530125658,7.5356769637e-07,7.02096163594e-07,4.531650253,nan,nan,nan,0,nan,nan,inf,inf,inf,inf,0,804,0,18,"Generated trajectory violates the no-lateral-slip constraint"
5,1,0.99,2.06,0,3.50314139944,0.936167645676,-2.17119084621,4.3766192226,1.20845111932,0.785300744642,5.97296760151e-07,5.39948670029e-07,3.776131821,448.817298239,39.5,409.317298239,708,10.34,4.53899205868,0.243380777403,0.0398984880989,0.0274224980595,0.00633161212232,0.05,702,0,0,""
6,0,0.51,2.0125,0.1,-0.422927545665,2.24530923826,2.05389488826,-1.15761483878,5.03452014415,0.785303004249,6.07565961201e-07,4.82622824332e-07,11.871930097,nan,nan,nan,0,nan,nan,inf,inf,inf,inf,0,1590,0,49,"Generated trajectory violates the no-lateral-slip constraint"
7,0,0.75,2.06,0.15,0.223876952134,2.13988512856,2.41399063449,-1.41228618194,4.33771579595,0.785300814227,8.52794766852e-07,8.19021826009e-07,4.08282396,nan,nan,nan,0,nan,nan,inf,inf,inf,inf,0,759,0,10,"Generated trajectory violates the no-lateral-slip constraint"
8,0,0.67,2.1075,0,0.128572487336,2.10930395291,2.51719284848,-1.47999,4.58334472591,0.785853899239,0.00213196901416,0.00488764540516,0.468127715,nan,nan,nan,0,nan,nan,inf,inf,inf,inf,0,47,0,15,"Pre-contact-conditioned Hybrid A* failed at coverage keypoint 1/360"
9,0,0.95,2.08375,-0.05,3.46684630988,0.974282134911,-2.29884777675,4.46616146354,1.29474621194,0.785301075169,6.38656568686e-07,6.38319551665e-07,26.815156538,nan,nan,nan,0,nan,nan,inf,inf,inf,inf,0,3091,0,472,"Pre-contact-conditioned Hybrid A* failed at coverage keypoint 1/360"
10,0,0.59,2.06,0.1,-0.243719010542,2.16711824078,2.29962208003,-1.32515072464,4.85531159586,0.785302374147,6.64979595302e-07,6.5020991055e-07,4.44851398,nan,nan,nan,0,nan,nan,inf,inf,inf,inf,0,777,0,15,"Generated trajectory violates the no-lateral-slip constraint"
11,0,0.87,2.08375,0,3.16156174969,1.00154754179,-2.41313046981,4.55317846896,1.55003066242,0.785301878706,7.61084662633e-07,8.22538698911e-07,0.513161212,nan,nan,nan,0,nan,nan,inf,inf,inf,inf,0,49,0,15,"Pre-contact-conditioned Hybrid A* failed at coverage keypoint 1/360"
12,0,0.71,2.06,0.1,0.142964642115,2.14142345297,2.40643184039,-1.40626560545,4.46862807825,0.78530122288,8.08234109276e-07,7.97455797211e-07,4.015565671,nan,nan,nan,0,nan,nan,inf,inf,inf,inf,0,736,0,10,"Generated trajectory violates the no-lateral-slip constraint"
13,0,0.99,2.08375,0.05,0.953510234817,1.68421139739,2.03721886343,2.56177366935,2.57510264592,3.92691400336,6.98128563821e-07,2.69871507232e-07,7.852611354,nan,nan,nan,0,nan,nan,inf,inf,inf,inf,0,1036,11,1,"Pre-contact-conditioned Hybrid A* failed at coverage keypoint 270/360"
14,0,0.55,2.03625,0.1,-0.342345122477,2.20266575407,2.17984637053,-1.24092268701,4.95393770246,0.785302707947,6.25619870404e-07,5.55155754393e-07,8.987533677,nan,nan,nan,0,nan,nan,inf,inf,inf,inf,0,1321,0,35,"Generated trajectory violates the no-lateral-slip constraint"
15,0,0.79,2.1075,-0.15,3.00446161103,1.05195017646,-2.54107214771,4.61999,1.85690468535,0.78263797823,0.00449659420805,0.010294477364,2.941389708,nan,nan,nan,0,nan,nan,inf,inf,inf,inf,0,341,0,32,"Pre-contact-conditioned Hybrid A* failed at coverage keypoint 1/360"
16,0,0.67,2.03625,0.15,-0.0479386492968,2.16275695656,2.31598387193,-1.33715119011,4.60953129683,0.785301629069,7.16960093732e-07,6.74184919945e-07,4.527399579,nan,nan,nan,0,nan,nan,inf,inf,inf,inf,0,791,0,35,"Generated trajectory violates the no-lateral-slip constraint"
17,0,0.95,2.03625,0.1,-3.00084011355,1.42190675222,-1.99522242827,0.573313441064,4.9539377627,3.92688774835,4.13733433881e-07,2.66560074985e-07,5.883043727,nan,nan,nan,0,nan,nan,inf,inf,inf,inf,0,850,11,0,"Pre-contact-conditioned Hybrid A* failed at coverage keypoint 270/360"
18,1,0.63,2.06,0,-0.0199897099267,2.1546211561,2.34806399667,-1.36109546947,4.73158233725,0.785301995666,7.06350902355e-07,7.03675684519e-07,3.773957735,443.626438059,39.5,404.126438059,706,10.28,4.15162292994,0.118904530526,0.0194925459879,0.0274266705783,0.00631622733727,0.05,700,0,0,""
19,0,0.91,2.06,-0.15,3.43371956498,0.97447434386,-2.29955727464,4.46667864964,1.42787291504,0.785301502051,6.69299752816e-07,6.62389718619e-07,0.429724171,nan,nan,nan,0,nan,nan,inf,inf,inf,inf,0,38,0,10,"Pre-contact-conditioned Hybrid A* failed at coverage keypoint 1/360"
20,0,0.75,2.1075,-0.15,2.85039366158,1.05772332748,-2.5491702333,4.61999,2.0110612759,0.780386181562,0.00523856418045,0.0118092148265,5.416103615,nan,nan,nan,0,nan,nan,inf,inf,inf,inf,0,888,0,0,"Generated trajectory violates the no-lateral-slip constraint"
21,0,0.99,2.0125,0.15,-2.97025770356,1.33085123021,-1.87992781353,0.549074847681,5.03452018172,3.92688792781,4.25231012242e-07,3.07195307733e-07,5.355630199,nan,nan,nan,0,nan,nan,inf,inf,inf,inf,0,815,11,0,"Pre-contact-conditioned Hybrid A* failed at coverage keypoint 270/360"
22,0,0.51,2.1075,0,-0.413389498683,2.17250490343,2.28006428476,-1.31097986848,5.12498200562,0.785303275503,6.24098276978e-07,6.35705262652e-07,0.620436045,nan,nan,nan,0,nan,nan,inf,inf,inf,inf,0,62,0,10,"Pre-contact-conditioned Hybrid A* failed at coverage keypoint 1/360"
23,0,0.95,2.08375,0,3.41684631575,0.974282134282,-2.29884777443,4.46616146185,1.29474620464,0.785301075169,6.38649190407e-07,6.38841125674e-07,0.573297921,nan,nan,nan,0,nan,nan,inf,inf,inf,inf,0,58,0,10,"Pre-contact-conditioned Hybrid A* failed at coverage keypoint 1/360"
24,0,0.51,2.06,0.1,-0.463140955508,2.20542490517,2.17125568153,-1.23509127956,5.07473351374,0.785303124868,6.06611444391e-07,5.52147844841e-07,4.797241526,nan,nan,nan,0,nan,nan,inf,inf,inf,inf,0,844,0,30,"Generated trajectory violates the no-lateral-slip constraint"
25,0,0.75,2.08375,0,0.406549738956,2.12781092467,2.484348606,-1.470569848,4.30504308779,0.785300761659,9.60413839378e-07,9.60402670164e-07,0.489835347,nan,nan,nan,0,nan,nan,inf,inf,inf,inf,0,41,0,15,"Pre-contact-conditioned Hybrid A* failed at coverage keypoint 1/360"
26,0,0.63,2.0125,0,-0.0174650355247,2.19153507582,2.21534669506,-1.26529221105,4.72905765153,0.785301990226,6.67066559364e-07,5.80380621378e-07,0.788960032,nan,nan,nan,0,nan,nan,inf,inf,inf,inf,0,74,0,0,"Pre-contact-conditioned Hybrid A* failed at coverage keypoint 1/360"
27,0,0.91,2.03625,0,3.27416580076,0.956434817901,-2.23632535127,4.42148630199,1.4374266732,0.78530152444,6.56372382393e-07,6.12218337779e-07,0.753712726,nan,nan,nan,0,nan,nan,inf,inf,inf,inf,0,76,0,0,"Pre-contact-conditioned Hybrid A* failed at coverage keypoint 1/360"
28,0,0.59,2.1075,0.1,-0.267416560286,2.13825017054,2.42226721172,-1.41892765446,4.87900912627,0.785302423904,7.1969082089e-07,7.92287888411e-07,9.275841663,nan,nan,nan,0,nan,nan,inf,inf,inf,inf,0,1328,0,65,"Generated trajectory violates the no-lateral-slip constraint"
29,1,0.83,2.06,0,3.02984287347,0.995390416329,-2.38405873156,4.53026389815,1.68174950393,0.785302263012,7.83747526498e-07,8.10025806721e-07,3.726522121,442.600470406,39.5,403.100470406,703,10.1995238095,4.09091872721,0.0897361018516,0.0147108363691,0.0274224980595,0.00562494085643,0.05,697,0,0,""
30,0,0.71,2.1075,0.1,0.18566503938,2.09066313192,2.54129523177,-1.47999,4.42614779781,0.787880043725,0.00435508162888,0.00995932295681,6.752015559,nan,nan,nan,0,nan,nan,inf,inf,inf,inf,0,982,0,65,"Generated trajectory violates the no-lateral-slip constraint"
31,0,0.99,2.1075,0.1,-2.82979577087,1.49888492029,-2.08402377732,0.58513790884,5.124981998,3.92688799714,3.88863213558e-07,2.36078791585e-07,7.016127544,nan,nan,nan,0,nan,nan,inf,inf,inf,inf,0,952,11,0,"Pre-contact-conditioned Hybrid A* failed at coverage keypoint 270/360"
32,0,0.55,2.08375,0.1,-0.376845755642,2.16731042981,2.29891262083,-1.32463354918,4.98843829891,0.785302797793,6.45254168052e-07,6.49526557854e-07,5.263705292,nan,nan,nan,0,nan,nan,inf,inf,inf,inf,0,887,0,2,"Generated trajectory violates the no-lateral-slip constraint"
33,0,0.75,2.03625,0.15,0.196165845527,2.15566379912,2.34382161702,-1.35789590769,4.36542684925,0.785300869179,7.85083793312e-07,7.16341456277e-07,4.489816327,nan,nan,nan,0,nan,nan,inf,inf,inf,inf,0,803,0,14,"Generated trajectory violates the no-lateral-slip constraint"
34,0,0.51,2.08375,0.1,-0.486818268842,2.18805232434,2.22676844407,-1.27323145373,5.09841080225,0.785303195777,6.13001273389e-07,5.91371501475e-07,5.534505179,nan,nan,nan,0,nan,nan,inf,inf,inf,inf,0,923,0,3,"Generated trajectory violates the no-lateral-slip constraint"
35,0,0.75,2.1075,0.1,0.339708022869,2.08488621128,2.5493829168,-1.47999,4.2720290628,0.790081376712,0.00510085334137,0.0114803397609,5.530679668,nan,nan,nan,0,nan,nan,inf,inf,inf,inf,0,904,0,62,"Generated trajectory violates the no-lateral-slip constraint"
36,0,0.63,2.03625,0,-0.0186387789949,2.17191918285,2.28215910395,-1.31248867118,4.73023139945,0.785301992861,6.81991228048e-07,6.36054455352e-07,0.707461974,nan,nan,nan,0,nan,nan,inf,inf,inf,inf,0,74,0,0,"Pre-contact-conditioned Hybrid A* failed at coverage keypoint 1/360"
37,1,0.91,2.06,0,3.28371958293,0.974474342114,-2.29955726819,4.46667864494,1.4278728927,0.785301502051,6.69784433289e-07,6.63227232822e-07,3.644157176,445.383121203,39.5,405.883121203,705,10.26,4.27688724862,0.153321355059,0.0251346483704,0.0274224980595,0.00633161212232,0.05,699,0,0,""
38,0,0.55,2.0125,0.1,-0.327985313357,2.22314280365,2.1177183732,-1.19927176668,4.93957790768,0.785302669205,6.23774353535e-07,5.15761026736e-07,11.290800203,nan,nan,nan,0,nan,nan,inf,inf,inf,inf,0,1564,0,60,"Generated trajectory violates the no-lateral-slip constraint"
39,0,0.83,2.1075,0,3.01157366865,1.03329300021,-2.51695314178,4.61999,1.69967639078,0.784711408265,0.0022799806445,0.00523392823469,0.444753958,nan,nan,nan,0,nan,nan,inf,inf,inf,inf,0,43,0,15,"Pre-contact-conditioned Hybrid A* failed at coverage keypoint 1/360"
40,0,0.67,2.0125,0.1,-0.00492002927642,2.18191638254,2.24731495523,-1.28764176298,4.61651266081,0.785301643928,6.92880039537e-07,6.08398189026e-07,26.853620377,nan,nan,nan,0,nan,nan,inf,inf,inf,inf,0,3009,0,377,"Pre-contact-conditioned Hybrid A* failed at coverage keypoint 1/360"
41,0,0.99,2.1075,-0.05,3.60339000555,0.969087643393,-2.27999942002,4.45250779007,1.15820256134,0.785300591401,6.06953798055e-07,6.00685011469e-07,17.138393673,nan,nan,nan,0,nan,nan,inf,inf,inf,inf,0,2000,0,100,"Generated trajectory violates the no-lateral-slip constraint"
42,0,0.55,2.1075,0.1,-0.397743684034,2.15275217248,2.35577930258,-1.36694193612,5.00933620298,0.785302850013,6.65036826114e-07,7.07295196432e-07,5.966507567,nan,nan,nan,0,nan,nan,inf,inf,inf,inf,0,966,0,60,"Generated trajectory violates the no-lateral-slip constraint"
43,0,0.75,2.03625,-0.1,2.89383474749,0.985928858622,-2.34375694391,4.49942386297,1.91775762039,0.785303000981,8.25102940375e-07,7.88213679519e-07,7.971140077,nan,nan,nan,0,nan,nan,inf,inf,inf,inf,0,1162,0,68,"Generated trajectory violates the no-lateral-slip constraint"
44,0,0.67,2.08375,0,0.11966541837,2.13283315108,2.45196808517,-1.44321141512,4.59192729361,0.785301598281,8.15135609221e-07,8.62981810306e-07,0.527176541,nan,nan,nan,0,nan,nan,inf,inf,inf,inf,0,50,0,10,"Pre-contact-conditioned Hybrid A* failed at coverage keypoint 1/360"
45,0,0.95,2.06,-0.05,3.44851964572,0.957585143948,-2.2401837837,4.42419449388,1.31307286107,0.785301122908,6.28803430212e-07,5.96046447754e-07,4.218779611,nan,nan,nan,0,nan,nan,inf,inf,inf,inf,0,748,0,10,"Generated trajectory violates the no-lateral-slip constraint"
46,0,0.59,2.0125,0,-0.125779835816,2.2052383653,2.17183401073,-1.23548287322,4.83737243804,0.785302331431,6.4354488803e-07,5.48111622266e-07,0.769727434,nan,nan,nan,0,nan,nan,inf,inf,inf,inf,0,80,0,0,"Pre-contact-conditioned Hybrid A* failed at coverage keypoint 1/360"
47,0,0.87,2.03625,0,3.1586393263,0.96967341917,-2.28209433695,4.45401661025,1.55295311791,0.785301884439,6.9583287725e-07,6.68396398187e-07,0.724577842,nan,nan,nan,0,nan,nan,inf,inf,inf,inf,0,73,0,0,"Pre-contact-conditioned Hybrid A* failed at coverage keypoint 1/360"
48,0,0.71,2.03625,0,0.22486809467,2.15741420966,2.3367926799,-1.35261728433,4.48672458694,0.78530125658,7.54863365296e-07,7.0241235193e-07,0.659139942,nan,nan,nan,0,nan,nan,inf,inf,inf,inf,0,68,0,0,"Pre-contact-conditioned Hybrid A* failed at coverage keypoint 1/360"
49,0,0.99,2.06,-0.1,3.60314139048,0.936167646953,-2.17119085016,4.37661922528,1.20845113072,0.785300744642,5.97431688324e-07,5.38919607402e-07,4.516891265,nan,nan,nan,0,nan,nan,inf,inf,inf,inf,0,791,0,25,"Generated trajectory violates the no-lateral-slip constraint"
