run_id,success,base_x,base_y,base_yaw,q1,q2,q3,q4,q5,q6,entry_l2_rad,entry_max_delta_rad,planning_wall_time_s,nominal_execution_time_s,alignment_time_s,trajectory_points,min_joint_margin_rad,min_joint_margin_normalized,min_manipulability,min_self_collision_clearance_m,max_joint_speed_rad_s,hybrid_expanded_nodes,ik_rejections,collision_rejections,error
0,1,0.75,2.06,0,0.373876929572,2.13988512963,2.41399062935,-1.41228617788,4.33771582324,0.785300814225,0,0,0.106648522,438.982545044,0,702,0.0677138221197,0.011100626577,0.0274266705783,0.0028084449616,0.05,696,1,0,""
1,1,0.75,2.06,0,0.176660132697,1.87310415112,2.49138262935,-1.2200121254,4.29121968226,0.439124209765,0.524428756826,0.346176604461,3.795958239,445.473356378,6.49081133364,711,0.0677138221197,0.011100626577,0.0222350402871,0.000636935644076,0.079012345679,696,1,0,""
2,1,0.75,2.06,0,0.526660132697,2.10643748445,2.63138262935,-1.1200121254,4.3548560459,0.492970363611,0.492844534443,0.292330450614,3.757062879,444.463740993,5.48119594902,710,0.0677138221197,0.011100626577,0.0190036197631,0.00196239009362,0.08,696,1,0,""
3,1,0.75,2.06,0,0.351660132697,2.33977081778,2.09938262935,-1.4799,4.41849240953,0.546816517457,0.45540895215,0.314608,3.74271381,444.881445044,5.8989,710,0.0001,1.63934426229e-05,0.0274266705783,0.0028084449616,0.08,696,1,0,""
4,1,0.75,2.06,0,0.701660132697,1.9508819289,2.23938262935,-1.4799,4.48212877317,0.600662671303,0.482876759302,0.327783203125,3.731965008,445.128480103,6.1459350591,711,0.0001,1.63934426229e-05,0.0274266705783,0.00280844496171,0.079012345679,696,1,0,""
5,1,0.75,2.06,0,0.0672851326967,2.18421526223,2.37938262935,-1.4799,4.54576513681,0.654508825149,0.402646364018,0.306591796875,3.759269099,444.731141236,5.74859619141,710,0.0001,1.63934426229e-05,0.0274266705783,0.0028084449616,0.08,696,1,0,""
6,1,0.75,2.06,0,0.417285132697,2.41754859556,2.51938262935,-1.40572641112,4.60940150044,0.708354978995,0.412147480129,0.277663465935,3.731309168,444.188735031,5.20618998628,709,0.0677138221197,0.011100626577,0.02601682101,0.0028084449616,0.0783673469388,696,1,0,""
7,1,0.75,2.06,0,0.242285132697,1.82125229927,2.65938262935,-1.30572641112,4.67303786408,0.762201132842,0.55080846535,0.335322040844,3.727085194,445.26983331,6.28728826583,711,0.0677138221197,0.011100626577,0.0143190693321,0.0028084449616,0.079012345679,696,1,0,""
8,1,0.75,2.06,0,0.329785132697,2.13236341038,2.54738262935,-1.4799,4.23336844259,0.977585748226,0.268751909963,0.192284934001,3.652752486,442.587887557,3.60534251252,707,0.0001,1.63934426229e-05,0.0194958799613,0.00081306338445,0.0768,696,1,0,""
9,1,0.75,2.06,0,0.111035132697,1.97680785482,2.15538262935,-1.39144069683,4.36064116987,1.08527805592,0.503492359961,0.299977241693,3.68438281,444.607118326,5.62457328172,710,0.0677138221654,0.0111006265845,0.0274266705783,0.00280844496171,0.08,696,1,0,""
10,1,0.75,2.06,0,0.461035132697,2.21014118815,2.29538262935,-1.29144069683,4.4242775335,0.443266221599,0.407043666359,0.342034592626,3.815954547,445.395693656,6.41314861174,711,0.0677138221197,0.011100626577,0.0274266705783,0.0028084449616,0.079012345679,696,1,0,""
11,1,0.75,2.06,0,0.286035132697,2.44347452149,2.43538262935,-1.19144069683,4.48791389714,0.497112375445,0.504702964072,0.303589391861,3.814611669,444.674846142,5.69230109808,710,0.0677138221654,0.0111006265845,0.0274266705783,0.00280844496171,0.08,696,1,0,""
12,1,0.75,2.06,0,0.636035132697,1.84717822519,2.57538262935,-1.09144069683,4.55155026077,0.550958529291,0.619705517911,0.32084548105,3.558925926,444.998397814,6.01585276968,711,0.0677138221197,0.011100626577,0.0204773299936,0.0028084449616,0.079012345679,696,1,0,""
13,1,0.75,2.06,0,0.548535132697,2.31384489186,2.18338262935,-1.4799,4.67882298805,0.658650836984,0.500912647096,0.341107164811,3.822702999,445.378304385,6.39575934021,711,0.0001,1.63934426229e-05,0.0274266705783,0.0028084449616,0.079012345679,696,1,0,""
14,1,0.75,2.06,0,0.199047828009,2.23606711408,2.07698262935,-1.07715498254,4.3027899302,0.927881606214,0.53595951273,0.337008,3.768970416,445.301445044,6.3189,711,0.0677138221197,0.011100626577,0.0274266705783,0.00129219453472,0.079012345679,696,1,0,""
15,1,0.75,2.06,0,0.111547828009,1.80396834865,2.35698262935,-1.4799,4.43006265747,1.03557391391,0.510531825151,0.335916780979,3.815117406,445.280984688,6.29843964335,711,0.0001,1.63934426229e-05,0.0260201717368,0.0028084449616,0.079012345679,696,1,0,""
16,1,0.75,2.06,0,0.461547828009,2.03730168198,2.49698262935,-1.46286926826,4.4936990211,1.08942006775,0.380098868248,0.304119253528,3.758098179,444.684781048,5.70223600364,710,0.0171307317407,0.00280831667881,0.0233060692192,0.0028084449616,0.08,696,1,0,""
17,1,0.75,2.06,0,0.286547828009,2.27063501532,2.63698262935,-1.36286926826,4.55733538474,0.447408233433,0.489176364472,0.337892580792,3.547475837,445.318030934,6.33548588985,711,0.0677138221197,0.011100626577,0.0189244175637,0.0028084449616,0.079012345679,696,1,0,""
18,1,0.75,2.06,0,0.636547828009,1.88174612643,2.10498262935,-1.26286926826,4.62097174838,0.501254387279,0.643707538089,0.309008,3.398092133,444.776445044,5.7939,710,0.0677138221197,0.011100626577,0.0274266705783,0.0028084449616,0.08,696,1,0,""
19,1,0.75,2.06,0,0.0677978280092,2.11507945976,2.24498262935,-1.16286926826,4.68460811201,0.555100541126,0.598664064638,0.346892288778,3.410152743,445.486775459,6.50423041459,711,0.0677138221197,0.011100626577,0.0274266705783,0.0028084449616,0.079012345679,696,1,0,""
20,1,0.75,2.06,0,0.505297828009,1.82989427457,2.27298262935,-1.46053690674,4.24546461089,0.824331310356,0.381589881247,0.309990855053,3.434355841,444.794873576,5.81232853155,710,0.0194630932568,0.0031906710257,0.0274266705783,0.000730957512925,0.08,696,1,0,""
21,1,0.75,2.06,0,0.330297828009,2.06322760791,2.41298262935,-1.36053690674,4.30910097452,0.878177464203,0.141065227941,0.0928766499772,3.462142985,440.723982231,1.74143718707,705,0.0677138221197,0.011100626577,0.0274266705783,0.00114219243946,0.0711111111111,696,1,0,""
22,1,0.75,2.06,0,0.680297828009,2.29656094124,2.55298262935,-1.26053690674,4.37273733816,0.932023618049,0.428417765701,0.306420898438,3.706394628,444.727936891,5.7453918462,710,0.0677138221654,0.0111006265845,0.0235692457231,0.00245138288927,0.08,696,1,0,""
23,1,0.75,2.06,0,0.0459228280092,1.90767205235,2.69298262935,-1.16053690674,4.4363737018,0.985869771895,0.593845368218,0.327954101562,3.716696439,445.131684449,6.1491394043,711,0.0677138221197,0.011100626577,0.0143240994292,0.002730746791,0.079012345679,696,1,0,""
24,1,0.75,2.06,0,0.395922828009,2.14100538569,2.16098262935,-1.4799,4.50001006543,1.03971592574,0.400172992136,0.254415111516,3.728270016,443.752828385,4.77028334089,709,0.0001,1.63934426229e-05,0.0274266705783,0.00280844496171,0.0783673469388,696,1,0,""
25,1,0.75,2.06,0,0.220922828009,2.37433871902,2.30098262935,-1.4799,4.56364642907,1.09356207959,0.491706748117,0.308261265362,3.672787937,444.76244377,5.77989872553,710,0.0001,1.63934426229e-05,0.0274266705783,0.0028084449616,0.08,696,1,0,""
26,1,0.75,2.06,0,0.570922828009,1.98544983013,2.44098262935,-1.4799,4.62728279271,0.451550245268,0.513045823406,0.333750568958,3.688704633,445.240368212,6.25782316796,711,0.0001,1.63934426229e-05,0.0259753983306,0.0028084449616,0.079012345679,696,1,0,""
27,1,0.75,2.06,0,0.0896728280092,2.32248686717,2.46898262935,-1.4799,4.25124973485,0.720781014498,0.365171608836,0.284204101562,3.704460254,444.311371949,5.3288269043,710,0.0001,1.63934426229e-05,0.0250862656639,0.00140940542023,0.08,696,1,0,""
28,1,0.75,2.06,0,0.439672828009,1.93359797828,2.60898262935,-1.4799,4.31488609849,0.774627168345,0.300186810365,0.206287151349,3.686613913,442.850429132,3.86788408779,708,0.0001,1.63934426229e-05,0.0152792319815,0.0028084449616,0.08,696,1,0,""
29,1,0.75,2.06,0,0.614672828009,2.40026464494,2.08258262935,-1.43196547817,4.44215882576,0.882319476037,0.506280214448,0.331408,3.636252665,445.196445044,6.21389999991,711,0.0480345218282,0.00787451177511,0.0274266705783,0.00280844496171,0.079012345679,696,1,0,""
30,1,0.75,2.06,0,0.177172828009,2.01137575606,2.22258262935,-1.33196547817,4.5057951894,0.936165629883,0.38640194858,0.196704101562,3.627778706,442.670746949,3.6882019043,707,0.0677138221197,0.011100626577,0.0274266705783,0.0028084449616,0.0768,696,1,0,""
31,1,0.75,2.06,0,0.527172828009,2.24470908939,2.36258262935,-1.23196547817,4.56943155304,0.990011783729,0.406503127537,0.2317157298,3.57834267,443.327214978,4.34466993375,708,0.0677138221197,0.011100626577,0.0274266705783,0.0028084449616,0.08,696,1,0,""
32,1,0.75,2.06,0,0.122485328009,2.3570547684,2.67058262935,-1.21767976389,4.32067122246,0.671076872487,0.476874330883,0.256592,3.556512167,443.793645044,4.8111,709,0.0677138221197,0.011100626577,0.0173075615882,0.00138983974914,0.0783673469388,696,1,0,""
33,1,0.75,2.06,0,0.472485328009,1.96816587951,2.13858262935,-1.11767976389,4.38430758609,0.724923026333,0.455708121904,0.294606413994,3.567974467,444.506415307,5.52387026239,710,0.0677138221197,0.011100626577,0.0274266705783,0.00226297801754,0.08,696,1,0,""
34,1,0.75,2.06,0,0.297485328009,2.20149921285,2.27858262935,-1.4799,4.44794394973,0.778769180179,0.211499006049,0.135408,3.794994741,441.521445044,2.5389,706,0.0001,1.63934426229e-05,0.0274266705783,0.0028084449616,0.08,696,1,0,""
35,1,0.75,2.06,0,0.0787353280092,1.83853624988,2.55858262935,-1.4799,4.575216677,0.886461487871,0.519652119339,0.301348879744,3.884943015,444.632836539,5.65029149452,710,0.0001,1.63934426229e-05,0.0175241341222,0.00280844496171,0.08,696,1,0,""
36,1,0.75,2.06,0,0.691235328009,2.22742513877,2.19458262935,-1.4799,4.32645634642,0.567526576629,0.456775108828,0.317358398437,3.905487685,444.933015016,5.9504699712,710,0.0001,1.63934426229e-05,0.0274266705783,0.00280844496171,0.08,696,1,0,""
37,1,0.75,2.06,0,0.0568603280092,2.46075847211,2.33458262935,-1.38910833531,4.39009271006,0.621372730475,0.48981407222,0.320873342478,3.984217985,444.998920216,6.01637517147,711,0.0677138221197,0.011100626577,0.0274266705783,0.0028084449616,0.079012345679,696,1,0,""
38,1,0.75,2.06,0,0.406860328009,1.86446217581,2.47458262935,-1.28910833531,4.4537290737,0.675218884321,0.348377647101,0.275422953818,3.929160779,444.146725428,5.16418038409,709,0.0677138221197,0.011100626577,0.0235497523847,0.0028084449616,0.0783673469388,696,1,0,""
39,1,0.75,2.06,0,0.231860328009,2.09779550914,2.61458262935,-1.18910833531,4.51736543733,0.729065038167,0.383955983809,0.223177842566,3.871130946,443.167129592,4.1845845481,708,0.0677138221197,0.011100626577,0.0202162610061,0.0028084449616,0.08,696,1,0,""
40,1,0.75,2.06,0,0.581860328009,2.33112884248,2.75458262935,-1.08910833531,4.58100180097,0.782911192013,0.599559719607,0.340592,3.755672319,445.368645044,6.3861,711,0.0677138221197,0.011100626577,0.0146810661438,0.0028084449616,0.079012345679,696,1,0,""
41,1,0.75,2.06,0,0.144360328009,1.94223995359,2.08818262935,-1.4799,4.64463816461,0.836757345859,0.547095116127,0.325808,3.834190422,445.091445044,6.1089,711,0.0001,1.63934426229e-05,0.0274266705783,0.0028084449616,0.079012345679,696,1,0,""
42,1,0.75,2.06,0,0.450610328009,2.48668439803,2.11618262935,-1.17482262103,4.26860510675,1.10598811509,0.61551029948,0.346799268404,4.019433289,445.485031327,6.50248628258,711,0.0677138221197,0.011100626577,0.0274266705783,0.000383504438976,0.079012345679,696,1,0,""
43,1,0.75,2.06,0,0.275610328009,1.79820703178,2.25618262935,-1.07482262103,4.33224147039,0.463976280771,0.607012923206,0.341678097851,3.873636746,445.389009379,6.40646433471,711,0.0677138221197,0.011100626577,0.0274266705783,0.00168309236278,0.079012345679,696,1,0,""
44,1,0.75,2.06,0,0.625610328009,2.03154036511,2.39618262935,-1.4799,4.39587783403,0.517822434617,0.393604558853,0.267478379609,3.765643928,443.997764662,5.01521961766,709,0.0001,1.63934426229e-05,0.0274266705783,0.0028084449616,0.0783673469388,696,1,0,""
45,1,0.75,2.06,0,0.188110328009,2.26487369844,2.53618262935,-1.4799,4.45951419766,0.571668588463,0.360704114606,0.213632225762,3.701372642,442.988149277,4.00560423305,708,0.0001,1.63934426229e-05,0.0229382017336,0.0028084449616,0.08,696,1,0,""
46,1,0.75,2.06,0,0.363110328009,2.10931814289,2.14418262935,-1.45849609042,4.58678692494,0.679360896155,0.386318072592,0.269808,3.641317011,444.041445044,5.0589,709,0.0215039095833,0.00352523107923,0.0274266705783,0.0028084449616,0.0783673469388,696,1,0,""
47,1,0.75,2.06,0,0.713110328009,2.34265147622,2.28418262935,-1.35849609042,4.65042328857,0.733207050001,0.525772478785,0.339233398437,3.729306732,445.343171265,6.3606262207,711,0.0677138221197,0.011100626577,0.0274266705783,0.0028084449616,0.079012345679,696,1,0,""
48,1,0.75,2.06,0,0.554516578009,1.8241329577,2.17218262935,-1.4799,4.21075386709,0.948591665386,0.488012392108,0.315752171925,3.682708177,444.902898267,5.92035322291,710,0.0001,1.63934426229e-05,0.0274266705783,6.38755519972e-05,0.08,696,1,0,""
49,1,0.75,2.06,0,0.117016578009,2.05746629104,2.31218262935,-1.4799,4.27439023072,1.00243781923,0.372646229789,0.256860351562,3.64280583,443.798676636,4.8161315913,709,0.0001,1.63934426229e-05,0.0274266705783,0.00218589459395,0.0783673469388,696,1,0,""
