bag_time_s,joint3_command_rad,joint3_measured_rad,joint3_recorded_policy_position_preview_rad,estimated_mpc_joint3_velocity_rad_s
0.061347924000000005,-1.6516608207839778,-1.6540422685049982,-1.6540422685049982,0.016676380057893188
0.069324153,-1.651553513254068,-1.6539252606804737,-1.6533295325807444,0.013370281968543788
0.07733907100000001,-1.6514217674071239,-1.6538084088872578,-1.6533132670540622,0.016552202259096142
0.085341788,-1.6513109429772979,-1.6536759234116474,-1.653304377814681,0.013773617830816607
0.09330305600000001,-1.6512073644018241,-1.6535608531404722,-1.6532991327777886,0.013021787023299994
0.10131366300000001,-1.6511218816915372,-1.6534428844092781,-1.6532531506704828,0.010673008792461892
0.109360652,-1.6510477692287366,-1.6533022030315876,-1.6532500195917947,0.009228904951104122
0.11735411000000001,-1.650993396431303,-1.6531690488160444,-1.6532354948864099,0.006829174843214292
0.125400137,-1.650946417295372,-1.6530343947200712,-1.653231955071545,0.005835343396155188
0.133332905,-1.6509282987638165,-1.652878132411431,-1.6531540774582563,0.0022795179102562866
0.14131929000000001,-1.650980555871203,-1.65273974314482,-1.653442797979763,-0.006521520572631139
0.149414328,-1.6510338621819576,-1.6526214515562805,-1.6534398368525127,-0.006636327106369573
0.157317693,-1.6510835252492828,-1.6524889541159058,-1.6531858273645126,-0.006245471002201094
0.16532385500000002,-1.6511879759097408,-1.6523723750182497,-1.653144075304692,-0.01303522201519839
0.173494731,-1.651280360557486,-1.6522524488041734,-1.653132322731682,-0.011518676666283676
0.181342898,-1.6513918093107156,-1.6521221334137246,-1.6531915194189144,-0.013990736664108484
0.18939486100000003,-1.651488649828706,-1.652005538021041,-1.6531894697397185,-0.012031466762685777
0.197306797,-1.6516304605423084,-1.651912859566525,-1.6532253288468597,-0.017791226025537593
0.20534816800000003,-1.651751313682275,-1.65183675948795,-1.653233648300576,-0.015066918565026793
0.21340556800000002,-1.6519273583991814,-1.6517551284823337,-1.6531922854501548,-0.022066097611194477
0.221341117,-1.6521624377993442,-1.6516979341184514,-1.6531454253723379,-0.029425988988005476
0.229362521,-1.6523652735371672,-1.6516567731247689,-1.6531570550964496,-0.025234100568173164
0.23730504600000002,-1.6525800426572586,-1.651610663942884,-1.6531492547525775,-0.026995112539949895
0.245408373,-1.6527608395545244,-1.6515876178697142,-1.65316065910882,-0.02249396363452001
0.25340939,-1.6529919128491048,-1.6515936826389856,-1.653142147237906,-0.028970341345483125
0.261356595,-1.6531856225612978,-1.6516170015893181,-1.6531541843638753,-0.024127981274656436
0.269332994,-1.6534283020911054,-1.651639977747274,-1.6531403478908293,-0.03051347940816509
0.277308794,-1.6537111416626253,-1.6516516736249864,-1.653128939663178,-0.03534884434574772
0.285359733,-1.6539544898116478,-1.6516867464793983,-1.653142018672856,-0.03026193580646444
0.293289646,-1.6541894388801182,-1.6517215604347226,-1.6531333847648317,-0.029484648278592596
0.301357027,-1.6543862076317153,-1.651768840830354,-1.6531454204102498,-0.024511202463802367
0.3093808,-1.654542828490629,-1.6518450692335915,-1.6531574331634185,-0.019547216329610442
0.31728531600000004,-1.6547328276995117,-1.6519310818867812,-1.6531607251611948,-0.023898673339221653
0.32534240200000003,-1.6548852465373007,-1.6520252728342442,-1.6531741739593437,-0.01894708943152507
0.33325845600000004,-1.655093662899018,-1.6521289024093424,-1.6531540261602626,-0.026230293171927675
0.341343501,-1.655313656657797,-1.6522522723205084,-1.6531626053493822,-0.027461809996710215
0.349351942,-1.6555029194963837,-1.6524091267446932,-1.6531713081621242,-0.023521503607105528
0.357346742,-1.655675952269818,-1.6525671424080717,-1.6531605957316704,-0.021718830743341813
0.36549265000000003,-1.6558214315281168,-1.6527200916715603,-1.6531654639045166,-0.018125771956350185
0.373375269,-1.6559376610342587,-1.6528697748758656,-1.65317030929683,-0.014549526827538494
0.381339405,-1.6560556690140447,-1.6530429481788516,-1.6532133808207834,-0.014770472341022392
0.389354623,-1.656150167664385,-1.653212820148773,-1.6532155916555291,-0.011782913775432176
0.397346721,-1.6562205784451887,-1.6533696420266883,-1.653217796436096,-0.00880353637968031
0.40533455500000004,-1.6562898308958154,-1.6535378970117054,-1.6532792506200236,-0.008695455448277708
0.413339989,-1.6563448132574619,-1.6537174854908694,-1.6532768031025904,-0.0068349194993993865
0.42131187600000003,-1.6563846485870843,-1.6538748161331405,-1.6532743731235553,-0.004987715761852021
0.429371873,-1.6563983480204871,-1.6540455258103497,-1.6533685115660202,-0.0017132843183921016
0.43731551,-1.6563264614716646,-1.6542294623439187,-1.6535062561665133,0.009016101433509737
0.44538433800000005,-1.6562630179571807,-1.654399134157548,-1.653514917146853,0.007874658184901807
0.45328687300000003,-1.6561613290395363,-1.6545493157326696,-1.6533565957748266,0.012819944819615198
0.461315699,-1.6559821124633027,-1.654689243668053,-1.6533253472868763,0.02237354855147163
0.46932961100000004,-1.6558263938237565,-1.654828656500527,-1.6533127414515851,0.019373474325092135
0.477405748,-1.6556493166796504,-1.6549631005263137,-1.6533224523786352,0.022232636136099
0.48539129400000003,-1.6554989142738954,-1.655092187266153,-1.653308239436199,0.01868202714079635
0.493327524,-1.6552812148414586,-1.6552248643737733,-1.653355999394455,0.02734469191128326
0.501331587,-1.6549797754647775,-1.6553287607210492,-1.6533933094200064,0.0377398293467576
0.5094346510000001,-1.6547186806219107,-1.6554111678703523,-1.653376344934549,0.03228977259273323
0.5173247870000001,-1.6544434132318921,-1.655491485851959,-1.6533900524608383,0.034782830487563615
0.5254113410000001,-1.6540850192600791,-1.655520746224331,-1.653405800881467,0.04478285035554615
0.533377157,-1.6537771900901432,-1.6555440321189763,-1.6533837802330469,0.03832223881454424
0.541368492,-1.653458462201727,-1.6555610987759295,-1.6533985890442786,0.03984689833556176
0.549341684,-1.653193389365165,-1.6555375299057185,-1.6533753007510514,0.03310620018178702
0.557355389,-1.6528699482391884,-1.6555025030583381,-1.653386596817729,0.04065905120534485
0.5653683110000001,-1.652598827086683,-1.6554677519358336,-1.6533600565885336,0.033657641284412204
0.573317468,-1.6522669927937057,-1.6554271682646733,-1.6533746436981356,0.04164866654290597
0.581371953,-1.6518907857474003,-1.6553559777494555,-1.653407847774185,0.04714916997400715
0.58933765,-1.6515667840557422,-1.6552516378582687,-1.6533845005627714,0.04030066773853852
0.5973087610000001,-1.6512498693457625,-1.6551416132969572,-1.6533828845031613,0.03972361344258332
0.605315131,-1.6509005852843903,-1.655014043818697,-1.6533781857382084,0.043668662794299526
0.613397399,-1.6506008102558067,-1.6548608551707604,-1.6533580097695988,0.03734125419812605
0.62136324,-1.6503168769798975,-1.6546867627002564,-1.6533612445438155,0.03569145579678912
0.629344046,-1.650020505195693,-1.6544953102513886,-1.6533243296496207,0.03690590764977471
0.637350372,-1.6497670464272751,-1.6542799215700423,-1.6533099626209906,0.03159810550296948
0.6453697690000001,-1.6495378148988098,-1.654075174443606,-1.6532900387008278,0.028734570262326706
0.653353029,-1.6493462107868513,-1.653848073917858,-1.6532781930751668,0.023853831434270598
0.6612994280000001,-1.6491685270239662,-1.6536234371792378,-1.6532404170808708,0.022375427606808995
0.669374684,-1.6490198503274174,-1.653389412077215,-1.6532340354207191,0.01849657803821693
0.677325265,-1.6489018412917276,-1.653139775231901,-1.6532144739640229,0.01482471378116849
0.6852942830000001,-1.6488389119363775,-1.652872346615926,-1.6531454952047122,0.00786835977340087
0.6934044810000001,-1.6487837213316083,-1.6525887433119502,-1.6531458653028352,0.006860878079496816
0.701447934,-1.6487678886566455,-1.652308616238203,-1.6531850626425102,0.0019821261907669134
0.7094204940000001,-1.6487534289066028,-1.6520428270223215,-1.6530186708074797,-0.01052539661162709
0.717320818,-1.6488269588405016,-1.651801355559249,-1.6530034268256577,-0.00924991510509672
0.725378874,-1.6488909690339442,-1.6515555804304196,-1.6529880051417971,-0.0079595650644352
0.73332785,-1.6490402728394602,-1.6513143806121837,-1.6530688223786396,-0.018714545960230047
0.7413397020000001,-1.6493037145352016,-1.6510799572586534,-1.653101473701142,-0.032940534707726614
0.74939325,-1.649531106672484,-1.6508690800165384,-1.6531177235181966,-0.028294784270011093
0.75756308,-1.6497902825305288,-1.65065566981977,-1.6530974187515868,-0.032505257267559026
0.765367605,-1.650008050252598,-1.650470011288461,-1.6531165337731284,-0.027104429762869933
0.7741999100000001,-1.6503349608777376,-1.650302726369176,-1.6530805539973743,-0.041041115501143255
0.781356322,-1.650789373629185,-1.6501780676924624,-1.653033960735566,-0.056889716101161954
0.789372073,-1.6511794880972859,-1.6500504940503893,-1.6530636959714027,-0.04859527591974552
0.797339283,-1.65158996905334,-1.6499585083079908,-1.6530520564319802,-0.05145291420691327
0.8053750540000001,-1.6519320042740055,-1.6498939443696035,-1.6530830525817946,-0.04264571464871461
0.813492522,-1.6523807911739277,-1.6498533943512275,-1.6530504098130845,-0.0557091712562107
0.8214003470000001,-1.652748819665435,-1.6498482558109124,-1.6530881636308268,-0.046124673299343125
0.829395675,-1.6532204757175009,-1.6498715440613354,-1.6530637415741452,-0.05914934539211425
0.837289681,-1.6537938919275568,-1.6499121384605282,-1.653046296612922,-0.07209997371530122
0.8453451280000001,-1.6542883584275183,-1.6499709635759892,-1.6530876797671936,-0.06147066183355851
0.8533193520000001,-1.6546951283115103,-1.6500582584330983,-1.6531287825954244,-0.05091335202531691
0.8614137220000001,-1.655097115138081,-1.650175608940141,-1.6531309745936555,-0.050207315117152373
0.8693613560000001,-1.655415000870919,-1.6503100718599688,-1.6531576040923803,-0.039704112131472395
0.877318927,-1.6558812737351853,-1.6504889288743805,-1.653097347791354,-0.05861176243825063
0.8853442890000001,-1.6563978247642437,-1.650663624626428,-1.653084316795321,-0.06459915140963003
0.893917677,-1.656841362061773,-1.650901356391556,-1.6531174302572185,-0.05507453280040969
0.9013281040000001,-1.6572555139657492,-1.6511425351304099,-1.6531166859328141,-0.05204958078079513
0.909363476,-1.6576015227360241,-1.6514287045212637,-1.6531441205453168,-0.043049056300887026
0.917402358,-1.6578740716176197,-1.6517251487527935,-1.6531666998210826,-0.03409840367965473
0.9253795610000001,-1.6581760032957482,-1.6520276974067747,-1.6531663396640561,-0.03774060116739821
0.9333021300000001,-1.6584738112903434,-1.6523395891059023,-1.6532089770039757,-0.03741207764559818
0.9413573780000001,-1.6587305641822119,-1.652668732617905,-1.6532207732051833,-0.03192462762606501
0.949413849,-1.658942086809875,-1.6530194027266674,-1.653217289590083,-0.026506847391432962
0.957530341,-1.6591191541129209,-1.6533727463766847,-1.6532232527158897,-0.022053743731496232
0.965314416,-1.6592456936607312,-1.6537196398273086,-1.6532811049392513,-0.015900038212280983
0.973337305,-1.6593521789658257,-1.6540816990716978,-1.6532791209680378,-0.013256964146409474
0.9814532920000001,-1.6593826132615488,-1.654435094083744,-1.6534201372917559,-0.0038162566543757624
0.9893418820000001,-1.659277917028622,-1.6547784076170164,-1.6533634997482678,0.01308286549390356
0.9973463400000001,-1.6591883970964334,-1.655134670420319,-1.6533534348265746,0.011158225450505564
1.005315145,-1.6590498003725973,-1.6554888989580367,-1.6533660163056945,0.017401522610976085
1.013404588,-1.658933450117687,-1.6558040338672093,-1.653351610021193,0.014466199635169357
1.0214038840000002,-1.6588410907198432,-1.6560943645135193,-1.653337283259686,0.011547079704202734
1.02936029,-1.6586473677459663,-1.6563837628505973,-1.6533740720662566,0.024285663552067252
1.037461301,-1.6584915456831082,-1.6566506414746558,-1.653347650717656,0.01943426155063397
1.045327498,-1.6581152438895117,-1.6569170047170334,-1.6534099256159767,0.04713241912113152
1.053320626,-1.6575618689974791,-1.6571256563779335,-1.6534260834820789,0.06942321693889938
1.061363332,-1.6570857576777365,-1.6573082662504022,-1.6533817852029329,0.05918525186608074
1.069345452,-1.6565726545019184,-1.6574821180829906,-1.6534077946675527,0.0645030163010194
1.077357826,-1.6561437796211866,-1.6576098511485733,-1.6533611640804253,0.05332004552444655
1.085324618,-1.6555813438623312,-1.6577194588137805,-1.653407387728265,0.07062720972015499
1.0933348040000002,-1.655112129189317,-1.6578187476600519,-1.653350763303346,0.05832189259989664
1.1013393070000002,-1.6545010576051964,-1.6578653658294014,-1.653400721815974,0.07674324068212723
1.1093844080000002,-1.6539920816630527,-1.6578821243701178,-1.6533409631951201,0.06344275904331988
1.1173542,-1.653338085948266,-1.6578588356497976,-1.6533871258786053,0.08178671819846495
1.125325413,-1.652555198287203,-1.6578059717053328,-1.6534464926255612,0.09800016686990017
1.133350974,-1.6518851358613666,-1.6577067918747734,-1.653382254244794,0.08354671201833022
1.141355186,-1.6512218340456468,-1.6575794807608044,-1.6533838987457272,0.0830397154497879
1.149371734,-1.650671209421666,-1.6574280753094628,-1.6533296714062875,0.06862097132853964
1.157453185,-1.650015460904872,-1.6572381693850353,-1.6533797378152242,0.08108711722730429
1.1652724460000001,-1.6493038464866263,-1.6570165364669927,-1.6534069855222058,0.09045508667301007
1.173343129,-1.6486859682906405,-1.6567452608497277,-1.653349618531126,0.07703103703417637
1.1813080550000001,-1.6480927154884677,-1.6564504729717722,-1.6533368909895492,0.07432434101871993
1.189338746,-1.6475998292998193,-1.6561101535542868,-1.653282806571484,0.06132399956258688
1.197323955,-1.6470667862510113,-1.6557444740889298,-1.6533040474238778,0.06697378920513525
1.205408271,-1.6465274991612593,-1.6553204857464165,-1.6532989836621237,0.06678259555998782
1.21341106,-1.6460741147250582,-1.654868763825366,-1.6532652837035633,0.05693987477832247
1.221327035,-1.645670529354504,-1.6544171558931335,-1.653261371575096,0.050733502881157376
1.22941311,-1.6453337489458963,-1.6539406463349164,-1.6532335779657175,0.041819649053084475
1.2373032030000002,-1.6450471573221985,-1.6534487280437364,-1.6532141636770172,0.03607029504223958
1.245385731,-1.6448064822924697,-1.652951601484201,-1.653199603532579,0.029789990308126176
1.2533100970000002,-1.6446462245337954,-1.6524406485105398,-1.6531657615077167,0.020209591843299044
1.261326376,-1.6445127227887897,-1.6519323950435605,-1.653164643429783,0.016610615799825985
1.2693538830000002,-1.6444896926309278,-1.6514429259626637,-1.6530615839710718,0.002894043408577702
1.2773618850000001,-1.6444717378858122,-1.6509227976663403,-1.6530692790843873,0.002230140212728586
1.285304151,-1.6446272661120953,-1.650417155116251,-1.6531865922144022,-0.019560471861753213
1.29338453,-1.6449849612298426,-1.6499388522693434,-1.6531029073269305,-0.04457826080935622
1.3013705230000001,-1.6452907075698617,-1.649466154060785,-1.6531306812394373,-0.038121250095120324
1.309359965,-1.6456666089786363,-1.6490103331244306,-1.653093676843272,-0.047061079615747875
1.3173288680000002,-1.646272319159603,-1.648606894610694,-1.6530340268374908,-0.07588545397477128
1.3254004620000002,-1.6467927374512858,-1.6482198122449923,-1.6530811796064058,-0.0646624446642912
1.333301831,-1.6473720765741586,-1.6478810796196468,-1.653066660723112,-0.07291584306227965
1.341453014,-1.64785696646686,-1.647555683694334,-1.6531220940908946,-0.06026263981484998
1.349315284,-1.6485554551588941,-1.647280923054508,-1.653079839621679,-0.08772150251897104
1.3573337,-1.6494884590068972,-1.6470540764083546,-1.6530108050437147,-0.11692190726575775
1.365424323,-1.6502912567399952,-1.6468850426007675,-1.6530914287635021,-0.09964066123681692
1.3744849430000001,-1.6511255449383095,-1.6467633044376808,-1.6530818383200907,-0.10460445382224202
1.38129103,-1.6521731878782107,-1.6467181492566498,-1.6530002243478081,-0.13140421142283257
1.389340897,-1.653074219485746,-1.6467362006980146,-1.6530933930118625,-0.11212948417083721
1.3972904890000002,-1.6539809063678523,-1.6467879443083258,-1.653098111421898,-0.11390680387938645
1.405419682,-1.6547398347460704,-1.6468651991092538,-1.6531463519711502,-0.09416539786377168
1.413361297,-1.6556634757588131,-1.6469992926669215,-1.6531108369736314,-0.11597639700626333
1.421343822,-1.6567322290406592,-1.6471849640727272,-1.6530140402865605,-0.1338447343039666
1.429381529,-1.6576520947037194,-1.64745408780461,-1.6531089384477688,-0.1141658375684367
1.4373325540000002,-1.6585432343564164,-1.6477783712076879,-1.6531063265627928,-0.11224344429041572
1.445382055,-1.6592902276855517,-1.6481598343263808,-1.6531535668998807,-0.09294717842266131
1.453254053,-1.6601340162981788,-1.6485974376387307,-1.6531545675001962,-0.10614788099239425
1.461341781,-1.6608386468486631,-1.6490698035668185,-1.653203040277524,-0.08750305961614567
1.4693767100000001,-1.6616041942928654,-1.649591246899862,-1.6531935929246067,-0.09611350662015347
1.477317494,-1.6623697195494695,-1.6501631442113378,-1.6531697197329596,-0.09570789646040476
1.4853452100000002,-1.6630242753956224,-1.6507784824084109,-1.653225760257202,-0.0814391598923663
1.493392102,-1.6636026758668707,-1.6514327219955727,-1.6532200012954577,-0.07250437623830186
1.5013915500000001,-1.664082700705067,-1.6520995993991223,-1.653266513138911,-0.059801007270474396
1.5093210750000001,-1.664505963956798,-1.652778227115745,-1.6532865663598502,-0.0531981422308512
1.5173388710000002,-1.6648561989987498,-1.6534681236969355,-1.653314290660977,-0.043586195329701684
1.525304798,-1.6650944238743948,-1.6541614284997128,-1.6533146428107943,-0.02990607005285835
1.53337564,-1.6652909369554565,-1.6548674833934456,-1.6533214738421713,-0.024440104656585103
1.541375944,-1.6653176875745082,-1.655588984054557,-1.6531806671462137,-0.0033511681152206528
1.5494773530000001,-1.6653406845361545,-1.6562971723928952,-1.6531564680736859,-0.0028645509511411402
1.5576161560000001,-1.6651443862598732,-1.6569831127081598,-1.6533200587561123,0.024598565711998213
1.5661261940000002,-1.6649801313049684,-1.657671810489847,-1.653303099192761,0.020502425317528078
1.573286164,-1.664593296413193,-1.6582426617800117,-1.653366997363429,0.0486425931576703
1.5813918370000002,-1.6642680155345653,-1.6588686307676725,-1.6533225794752542,0.040435586181738425
1.5894270460000002,-1.6636683178455252,-1.6594230610410352,-1.65333904573018,0.07526251798461664
1.5973935860000001,-1.6631680875977422,-1.6599486642719805,-1.6532851645031286,0.0621802219661219
1.605294559,-1.662393033304933,-1.660432829809203,-1.65335126570798,0.09755342977094295
1.613390026,-1.6617431606896067,-1.6608759584000432,-1.653306785653423,0.08057037842350519
1.6212949730000001,-1.660818395135745,-1.6612650630206822,-1.6533231496731364,0.11662901270673726
1.629356932,-1.6595749977836793,-1.6616020915909655,-1.6534302070910605,0.15467875007082146
1.637395377,-1.6585165359637097,-1.6618833639130153,-1.6533115572233308,0.1322368815868451
1.6453193480000001,-1.6574148544536431,-1.6621016685899819,-1.6533305657022128,0.13823657636158415
1.6535935430000002,-1.656486399440209,-1.6622560676808675,-1.6533052870578426,0.11446958419007995
1.661377649,-1.6553109580339773,-1.6623395407468646,-1.6533169388716618,0.14858231829445007
1.6693574320000002,-1.6543232888802308,-1.6623617809156275,-1.6532950862925393,0.12329318476435722
1.6773564470000002,-1.653539139206831,-1.6623030236225003,-1.6532849269294547,0.09804461746510705
1.6853091910000002,-1.6525122730496526,-1.6621817825030416,-1.6532904326358075,0.12884701860060688
1.6933970980000002,-1.6516928886343332,-1.6619936579886652,-1.6532778904650425,0.10176296643319092
1.70129758,-1.6504395687442805,-1.66172033129713,-1.6533028385378057,0.15756087740546781
1.709617677,-1.6493973378165645,-1.6613489255547578,-1.653277760389905,0.12968853994177537
1.7172829280000002,-1.6481791122415252,-1.660936567491935,-1.653294241110534,0.15329542700966198
1.7255516830000002,-1.6471510972965837,-1.6604273268860097,-1.6532736270188377,0.12732563391161145
1.7333557320000001,-1.6459987523640056,-1.6599061170850227,-1.6532575759753496,0.14529928336419004
1.7413398400000002,-1.6447487421456197,-1.6593278111070906,-1.6533067826433783,0.15630246635599762
1.749334071,-1.6436787060539169,-1.6587208525561843,-1.6531931630630228,0.133046653374423
1.7579264090000002,-1.64268224462049,-1.6580010783607746,-1.6531788691440767,0.12517323420417115
1.7653443530000001,-1.6418534749572873,-1.6573494310881927,-1.6531550883023733,0.10315094395690223
1.773394667,-1.641008072939401,-1.6566168016494953,-1.653170985206073,0.10598539198912324
1.7813526480000001,-1.6403061059870352,-1.655861224111286,-1.6531385999021047,0.08747766253239728
1.7893493690000002,-1.6396415249139258,-1.655053943351872,-1.6531604237465813,0.0833350144316078
1.7973274510000001,-1.639101184903685,-1.654179721297778,-1.6531937728148145,0.06748958101240342
1.805982122,-1.638641225961778,-1.65321045725602,-1.6531614052746595,0.057350537940832204
1.81338672,-1.6382986958124799,-1.652373221064767,-1.653176248033607,0.04276051429666777
1.8213428900000002,-1.6382013492026855,-1.6514721555578422,-1.6531420029505017,0.012195804897209745
1.8293938980000002,-1.6381174251432125,-1.6505391864777372,-1.6531471198908396,0.010457691199143661
1.837311914,-1.6381830505895985,-1.6496134100266473,-1.653065305490183,-0.008244993220116842
1.845358679,-1.6385849065646583,-1.6487197153483633,-1.6531075690359065,-0.050316944463975846
1.853415285,-1.6389303953083414,-1.6478490221222986,-1.6531364963718447,-0.042946307620072455
1.8613134690000002,-1.6394038906905029,-1.6470401016147564,-1.6531242447670078,-0.05949587742466858
1.8693578910000002,-1.6397998127596853,-1.6462507583639021,-1.653170640587041,-0.049253613505025495
1.877321706,-1.6405243099272822,-1.6455065983054316,-1.653138502128916,-0.09100909159846335
1.885354345,-1.6416538926439226,-1.644787968164908,-1.6530616442279584,-0.14058238746052656
1.8934293850000001,-1.6426141287258968,-1.6441637277235446,-1.6531662291639946,-0.11999399202514732
1.901324784,-1.6434092467505472,-1.6436315395973005,-1.6531989452833185,-0.09941741597730804
1.909373385,-1.6442760425804401,-1.6431521740908106,-1.6531924962388795,-0.10869495205482912
1.9174076990000002,-1.6449681432848466,-1.6427628271701509,-1.653202641835702,-0.08595932162210419
1.925435349,-1.6454749889439952,-1.642448065916657,-1.6532127192415376,-0.06337650280855932
1.933332918,-1.6465394402059623,-1.6422021791188588,-1.6532228632962374,-0.13423690385802078
1.9413629700000001,-1.6481421232059625,-1.6420456253717943,-1.6529709002611137,-0.20950762635058193
1.949471366,-1.649587840623359,-1.641988306983745,-1.653153222222484,-0.17982931004521194
1.9573804710000002,-1.6507899049023487,-1.6420254254973854,-1.6531775536433557,-0.15030577574574633
1.9653190640000002,-1.6520171192411874,-1.6421403761347535,-1.6531658376987755,-0.1542003380806553
1.9733628300000001,-1.6530081318677599,-1.6423051791435446,-1.6531802128535156,-0.12323999751934513
1.981311403,-1.6545242725899934,-1.6425185713746162,-1.653192746221711,-0.19014926614133312
1.989442372,-1.6557910695344116,-1.6427676633898263,-1.6532210115249817,-0.15796932664452407
1.9973261770000001,-1.6572820868676295,-1.6430780110943148,-1.6531995120703438,-0.18704742772855837
2.005337452,-1.6585299099030357,-1.6434979645982553,-1.653226206223495,-0.15549964028211366
2.0133082300000003,-1.6599765627920682,-1.644010786808273,-1.6532278716965756,-0.1812093647009141
2.021344656,-1.6615732461920678,-1.6446181007711453,-1.6531335359534334,-0.20213462177537156
2.029400605,-1.6629627544250034,-1.6452873074543677,-1.6532933932877916,-0.172563458508306
2.037325117,-1.6642761959371506,-1.6460011259621494,-1.6532919798538255,-0.16520435275276993
2.045328082,-1.6653788118346666,-1.6467897551490571,-1.653307387237055,-0.13702872634418978
2.0532859990000003,-1.6665491988074337,-1.6476437898028278,-1.6533146739435352,-0.14732272491762594
2.06128666,-1.6677048445912939,-1.648550359544594,-1.6531953076512576,-0.14432853346242544
2.069359125,-1.6686934634613841,-1.6495173536931387,-1.6532962681663042,-0.12299849708433584
2.077408808,-1.6695607157039913,-1.6505139477272341,-1.6532788423319007,-0.10888542202263024
2.0853409430000003,-1.6702834230094408,-1.6515547663305434,-1.6533085815519986,-0.08993656536509802
2.093344564,-1.670903080876433,-1.6526557511252298,-1.6532723642575258,-0.07743958682817399
2.10137958,-1.6712922935700554,-1.6537406274162065,-1.6532426352819811,-0.048733532137082626
2.109425146,-1.6716250059691533,-1.6548626961642157,-1.6532608541244032,-0.04142071609701226
2.117310906,-1.6717855937189985,-1.6559609841662233,-1.653248943146322,-0.020191845951512473
2.125390093,-1.6719204674727772,-1.6570785250419309,-1.653250724446487,-0.016791469839399845
2.133286029,-1.6717288075614969,-1.6581533682363112,-1.653202269893613,0.024095641269274413
2.141398998,-1.6711095481053397,-1.6592105201117509,-1.653249644074307,0.07713948800805596
2.149327187,-1.670583613563293,-1.6602280196616108,-1.6532027827456033,0.06561677678554485
2.157420091,-1.6698997068826644,-1.6612031840422046,-1.6532006218740674,0.0858151513556351
2.165354389,-1.6693313125661788,-1.6621004978200347,-1.6531593267813667,0.07071673527348274
2.173300498,-1.6683721524198862,-1.6629596992831408,-1.6531891727679056,0.12048569942798973
2.1813385330000004,-1.667572898540768,-1.6637661889728192,-1.6531617514316508,0.09950058593553479
2.189344904,-1.6663715220638602,-1.6645047672264537,-1.6531744078100286,0.15084513058618848
2.197338211,-1.6653680938855118,-1.665174700153322,-1.6531614038089353,0.12495274908231015
2.20536843,-1.6639530020742588,-1.665728788384776,-1.653163359478532,0.177006929622224
2.2133669190000003,-1.6623540138742587,-1.6661605519019074,-1.6533953486858393,0.2269230588680911
2.2213496100000003,-1.6607863545884094,-1.666483372116641,-1.6531881325237303,0.19564152303697954
2.229388139,-1.6591907003884097,-1.6667329499759331,-1.6532054713583273,0.20541612562376718
2.237336915,-1.6578081512214564,-1.666894872192802,-1.6531922885842427,0.172357503368886
2.245322257,-1.6562154064214565,-1.6669639685797841,-1.653154680015572,0.2177806663377127
2.253310873,-1.654750735144712,-1.6669283605617484,-1.6531312473243824,0.1824719670426296
2.261312879,-1.6531542827447114,-1.666795561430708,-1.6532232084632852,0.219743936395942
2.2693457710000002,-1.6515494131447115,-1.666580373211579,-1.6534943393840162,0.253771742420685
2.277347277,-1.6499484827447115,-1.6662615855471152,-1.6532471871448493,0.22049529912368349
2.28541898,-1.648352744744712,-1.6658088303058205,-1.6532739352015842,0.21847596183223927
2.293443286,-1.6468593214761313,-1.6652530328469703,-1.6532367766442873,0.18609069937066464
2.301342273,-1.6452602842761317,-1.6645925177944942,-1.6531095203738033,0.22169193863175546
2.309392959,-1.6437771068263678,-1.6638313403562395,-1.6531001957550018,0.1853082795733596
2.317302273,-1.642183306826368,-1.6630033651191962,-1.6531493313523293,0.20349442507349572
2.325401873,-1.6405829480263676,-1.6621056357586568,-1.6533153354374794,0.2150781061215397
2.3333973450000003,-1.6390916630122547,-1.6611507958930558,-1.653129270631653,0.18514382641782784
2.341392913,-1.6377063822691031,-1.6601155866584287,-1.6531534223252518,0.172994688347556
2.3494284380000003,-1.636329636987144,-1.6590367195296936,-1.6532653002640894,0.17183514976746483
2.3573658330000002,-1.6351569625011027,-1.6579159093076992,-1.6531330007112046,0.14731947174906923
2.365342203,-1.634113473619599,-1.656722860206075,-1.6531846188570665,0.13069081024077098
2.373288726,-1.6332388637492736,-1.6554995543565196,-1.6533358724459448,0.10980281920206153
2.38136284,-1.6324874704026233,-1.6542325885294824,-1.6532633599724642,0.09350208821733277
2.3893291430000003,-1.6319209941665682,-1.6529481494648042,-1.6533484028464929,0.07115274366003327
2.3973637080000003,-1.6314488529644928,-1.6516343436112282,-1.653304159296584,0.058727945305224453
2.405324866,-1.6312612904340897,-1.6502900955761728,-1.6534610145376318,0.023549120824975713
2.413342382,-1.6315433718505798,-1.6489642681332335,-1.6535634949806335,-0.03524450647258553
2.421393505,-1.631784292625666,-1.647669434663064,-1.65357425822367,-0.02984679287209012
2.429337728,-1.6322222266249995,-1.64640662919304,-1.6536061957255466,-0.055168728289291605
2.437387171,-1.632586229924303,-1.645148055120068,-1.6536376974017943,-0.045291105231510115
2.445332317,-1.6334237958044315,-1.6439861386821568,-1.6537116161896572,-0.10507110152625622
2.453304476,-1.634805887561316,-1.6429022143207896,-1.653665226975002,-0.17309814550361705
2.4613739480000003,-1.6359928360052565,-1.6418696550026826,-1.6537849358790249,-0.14749472300606153
2.4693233070000002,-1.6373072825488573,-1.6408743557000984,-1.6537880808290064,-0.16565052751984471
2.477378932,-1.6384095112851367,-1.6399985737384613,-1.6537829824377304,-0.13700206433428386
2.4854436370000004,-1.6399950890113526,-1.6392293456645777,-1.6538431331698853,-0.19800403808737665
2.4933685910000003,-1.6413126569024306,-1.6385645353983835,-1.6538437637987249,-0.16462455990377467
2.5022599060000004,-1.6429105855024302,-1.6379063998303742,-1.653781199030061,-0.2200873795287231
2.509386933,-1.644400335070863,-1.637491786077787,-1.653813985056077,-0.1857643396996928
2.5173360700000003,-1.6459916086708626,-1.6371703112818696,-1.6537085634083881,-0.2376607653604674
2.525364035,-1.6475988974708629,-1.6370137960416786,-1.6537760021589474,-0.20224230545190913
2.533330303,-1.6491882908708626,-1.6370031751717735,-1.653634956215507,-0.25055283486412455
2.541306927,-1.6507903166708624,-1.63710773523853,-1.6533053576645638,-0.29354026784418685
2.549334115,-1.6523974982708625,-1.6372994874437092,-1.653600639796055,-0.25705948318758365
2.557373806,-1.653993994670863,-1.637565145297937,-1.6535478806516688,-0.2557400042263835
2.565327135,-1.6555898454708629,-1.637923438994382,-1.6534294778332426,-0.30156850305858546
2.573492989,-1.6572005874708626,-1.6383973972371537,-1.6537061968137565,-0.26194125359040604
2.581344315,-1.6587898628708626,-1.6389556650316959,-1.6535764692914023,-0.25178484247999755
2.589339973,-1.6603958414708626,-1.6396044854761593,-1.653355474506551,-0.2792522540672222
2.5973576300000003,-1.6619990440708632,-1.640329898469029,-1.6536196465946216,-0.24382102681844062
2.605315901,-1.6635906262708628,-1.6411292840214298,-1.6535755465144457,-0.2357600503400342
2.6133728570000003,-1.6651984940708628,-1.642042001957681,-1.6536454849428968,-0.2018654135952022
2.621308811,-1.6667915468708634,-1.6430356287607575,-1.6536089142528507,-0.2205864785397566
2.6294361690000003,-1.668296133855795,-1.6441159133478551,-1.653655366599703,-0.18708484020645083
2.6372980520000002,-1.6698710367939786,-1.6452325802439096,-1.6535370658880628,-0.19820201921579989
2.645395698,-1.6712123780380137,-1.6464660501636441,-1.6535585942296784,-0.16679857239271495
2.653374137,-1.6725475087807349,-1.6476805684324873,-1.6533873313074003,-0.16726166015571725
2.6614897660000003,-1.673667450077331,-1.6490163263103421,-1.6533998211251288,-0.1397281392409566
2.6693899350000003,-1.674699130215215,-1.6503459241675327,-1.653196730382911,-0.12952201325099233
2.677292104,-1.6754481909864523,-1.6517030287665724,-1.652794978944297,-0.09364629217492143
2.685373283,-1.6760904521406117,-1.6531176603016886,-1.6528583787658786,-0.07979369840869477
2.6933496640000003,-1.676503477448944,-1.654479310075946,-1.652687017612845,-0.05183607805061189
2.701325781,-1.6768494247273877,-1.6558798167840802,-1.6527285782302306,-0.04319837010482179
2.709321419,-1.676779902231084,-1.657261428298093,-1.6524117771300426,0.008714122287845641
2.7176563870000003,-1.676175103867148,-1.6587012592215526,-1.6522243499292533,0.07544262022312016
2.7253906260000003,-1.6756651424948261,-1.659981716448421,-1.6521956764320915,0.06363080312547503
2.7332890510000003,-1.6749489705701102,-1.6612105432300606,-1.6520659873224945,0.0900295158939675
2.7413884690000003,-1.67435676351917,-1.662452087259529,-1.6520644481143585,0.07350315449642539
2.7494445890000003,-1.673214215054215,-1.6636552395369264,-1.6517452550990637,0.14345569867305683
2.757377286,-1.6722620030453992,-1.6647698058464493,-1.6517681739066643,0.1178746885824944
2.765389431,-1.6708049640491363,-1.6657975037018624,-1.6515321251218604,0.18424847869625405
2.773460601,-1.6692027732491364,-1.66670706277866,-1.6515839000871615,0.24981307043759385
2.781395659,-1.6675944812491361,-1.667487654271873,-1.6514155577603158,0.21526353278978652
2.7893583740000003,-1.6660010326491361,-1.6681991665117528,-1.6514251947158602,0.23017628571516902
2.797332245,-1.6644442247415876,-1.6687541896919174,-1.6514453755366227,0.1941493485215604
2.80534266,-1.6628512057415876,-1.6692006570645628,-1.6512830532322706,0.250156129293196
2.8139624010000004,-1.6612388163415872,-1.6695371725120849,-1.6512980934725336,0.21302920110631668
2.8213183670000004,-1.6596481325415873,-1.6696991291395118,-1.651292691703413,0.2655268797861604
2.8295246900000004,-1.6580412037415875,-1.6697501305582665,-1.6512761436347645,0.2279757270126493
2.837305105,-1.6564519823415877,-1.6696798290325758,-1.6512861889227541,0.2759028047637029
2.845340303,-1.6548468145415873,-1.6694692422058952,-1.6515704351560163,0.3188131904111139
2.8533358740000003,-1.6532444757415872,-1.6691543323442732,-1.651237322655867,0.2804250511212034
2.861319737,-1.6516504953415874,-1.668740376262705,-1.6513265654299263,0.27653704576165994
2.8693153340000004,-1.6500482033415875,-1.668231535082924,-1.651603966130631,0.3117195120671702
2.877347829,-1.6484431765415875,-1.6676153936771243,-1.6512811439910133,0.2741199661917351
2.8853245760000004,-1.646849876541587,-1.6669001383220983,-1.6513475810008253,0.2672049178663652
2.8933717370000003,-1.6452483219415872,-1.6660971748999371,-1.651483784352128,0.30537534613533357
2.901337943,-1.6436443031415875,-1.6652493428769464,-1.6512161770543428,0.2650645073371687
2.909358493,-1.642049070141587,-1.664323429709839,-1.6513975645301662,0.2479805608759994
2.917361934,-1.6404443125415873,-1.6632961550565986,-1.6513794544045035,0.2119990846142279
2.925452447,-1.6388473087415873,-1.6621934902596371,-1.651487073347916,0.2278125855869168
2.933259569,-1.6372532819415873,-1.6610873134237816,-1.6518635933164039,0.23314977924314226
2.9416357470000003,-1.6355923182399972,-1.659873356138751,-1.6516806273841025,0.19996553217035581
2.949367302,-1.634172746843161,-1.6587059147687706,-1.6518488460630105,0.1837050727273211
2.957319672,-1.632800518008669,-1.657473547381347,-1.6522282163015578,0.17195317820257155
2.9653737110000002,-1.6316170675036754,-1.656190139720076,-1.6521073625158336,0.14708566249342295
2.9733062730000004,-1.6306282927876106,-1.6548836364353232,-1.6522973272695929,0.1242004849149135
2.981351848,-1.6298020745700914,-1.6535082129515708,-1.652277254754755,0.10286309892209275
2.9893729,-1.6292051055178045,-1.6521294693036057,-1.6526705888776703,0.07488379581017948
2.997387496,-1.6287079227629637,-1.6507183832066705,-1.6526209665764673,0.06185037497663372
3.005367806,-1.6285354911167989,-1.6492856442038333,-1.6530302420665401,0.021667790214990056
3.0134160700000003,-1.6283944160302364,-1.647839480806844,-1.6530368611400152,0.017561840054270698
3.0213315030000003,-1.628764869415649,-1.6464374262192203,-1.6534941606908409,-0.0465301166128001
3.029380085,-1.6290694226386202,-1.6450761039830164,-1.6535044324292434,-0.037866863354018454
3.037433366,-1.629923613811759,-1.64375480675661,-1.6539268953053758,-0.10716804732438581
3.0453823210000004,-1.6306258173948116,-1.6424764626976556,-1.653904385761757,-0.08751155678212241
3.0533503210000004,-1.6318730725288475,-1.6412529242224487,-1.6541894720113326,-0.15687506583266503
3.061338564,-1.6334783475288475,-1.6401219813246861,-1.6543792295520228,-0.23049180132776326
3.06938666,-1.6350646221990621,-1.6390570368362352,-1.6544874783698056,-0.1975784846404336
3.0774008540000004,-1.6366581883990619,-1.6380881208616411,-1.6545442799410184,-0.21406847310865118
3.085354428,-1.6381085915382598,-1.6372523504426593,-1.6545253997062128,-0.2796386249843595
3.0934028600000003,-1.6396970651382594,-1.6365063168238994,-1.6547487874174096,-0.2434696518235451
3.101447546,-1.6413013391382598,-1.6358965766065663,-1.6547323789358588,-0.2537207917900518
3.1094872450000004,-1.6429121463382592,-1.6354266072151573,-1.6547158676615799,-0.21810837249620485
3.1173383400000003,-1.6444949831382594,-1.6351156681983887,-1.6548899123404064,-0.2749469785831692
3.1253500510000003,-1.6461031131382597,-1.634977667193548,-1.6548911143795926,-0.2368956021137626
3.133289258,-1.6476958527382592,-1.634988913851552,-1.6550519441120917,-0.29939111986793965
3.141369858,-1.6493016795382593,-1.6351250926407068,-1.654813607245198,-0.34436040740650864
3.149368559,-1.6509100907382595,-1.635363175994313,-1.6551721933416816,-0.30218494900608467
3.1573426560000004,-1.6525039007382594,-1.6357203419431103,-1.6550998370973955,-0.29690577868727075
3.1653350490000003,-1.6541013171382593,-1.6361672350240162,-1.6547854852542077,-0.3375459110756448
3.1733742900000004,-1.6557033415382596,-1.6367381838526727,-1.6551473441906202,-0.29769234447368115
3.181318328,-1.6572960871382596,-1.6373692424612403,-1.6550716563709296,-0.289679086850576
3.1893061940000003,-1.658895858538259,-1.6380768734248081,-1.6547805964637194,-0.32073325726811885
3.1973899940000003,-1.6605042503382597,-1.6388659009633426,-1.6551105638283738,-0.28201141404083085
3.2053615250000003,-1.6620947327382594,-1.639723415643121,-1.6549988378192426,-0.27149754270095455
3.2133849910000003,-1.6637037065382592,-1.6406827890939426,-1.655053651713581,-0.23527315898600332
3.2215649280000003,-1.6652982505382594,-1.641749015865615,-1.6549450518922169,-0.25602028875220145
3.2293965410000003,-1.6669064975382595,-1.6428382590501096,-1.6549877785675462,-0.2191730458200573
3.2372670930000003,-1.6684952341382595,-1.6440003872489724,-1.654805030213156,-0.23355774257620993
3.2453974920000004,-1.6700898805768942,-1.6451985925215231,-1.6548356083156743,-0.1981667239512407
3.253305656,-1.6716809231768948,-1.6464075566119671,-1.6545819956829542,-0.20355565638419554
3.261396645,-1.6730598936124932,-1.6476921198304946,-1.654601479767978,-0.17110724964305563
3.269312396,-1.6744140327624613,-1.6490220394638646,-1.6543767056568786,-0.17052115050510727
3.2773522870000003,-1.6755578444410393,-1.650414117832984,-1.6538100444232169,-0.14301587857382575
3.2853727310000003,-1.6765383484610692,-1.6518346990419368,-1.6538995100743699,-0.12188532012381029
3.2933799120000002,-1.6772976699358841,-1.6532652938786323,-1.6536560260564073,-0.09468456825033503
3.301384339,-1.6779245427941822,-1.65470253167625,-1.6537213266660142,-0.07856338190061316
3.309316432,-1.678224612319058,-1.6561442372100352,-1.6530072739454504,-0.03763945950166335
3.317399462,-1.6784835632143797,-1.6576211883530871,-1.652988667614876,-0.03228046589441493
3.32564639,-1.6782433681078366,-1.6590852033725085,-1.652847020970827,0.03008151687863838
3.333332818,-1.6780514166129081,-1.6604304950071305,-1.6528551583928042,0.023945626564475946
3.3413553780000003,-1.6773208259569492,-1.6618148112212456,-1.6524342638534677,0.09144561469225759
3.34934716,-1.675960360351408,-1.6631734412244084,-1.6521346174517804,0.17039206264033077
3.357421609,-1.6747993176180713,-1.6644955675167474,-1.6521259807737236,0.14440909046479097
3.365305826,-1.6734633482277717,-1.6657125309055576,-1.6519387773019707,0.16785810417009728
3.3733695000000004,-1.6723479687717375,-1.6668579791425242,-1.6519634009467563,0.13884264248459138
3.381319378,-1.670754771371737,-1.6678999823764196,-1.6516793925705366,0.2077603499043133
3.389321429,-1.6691512515717373,-1.6688191021733099,-1.651603101659566,0.27514888060463283
3.3973669380000002,-1.6675469669717369,-1.669643064242083,-1.6515015277502312,0.2387123439938497
3.4053390770000003,-1.6659573673717372,-1.6701230145258938,-1.6514985127529804,0.2504597277700641
