# receipt_relative_time,state[9],target[7]
7.200534602300000131e+01,4.439495678525418043e-04,-4.797031730413436890e-02,2.911230325698852539e+00,-1.195323586463928223e+00,9.781348705291748047e-01,-2.938610911369323730e-01,8.047015070915222168e-01,1.571372270584106445e+00,2.426793098449707031e+00,5.686588883399963379e-01,1.273962557315826416e-01,6.330027580261230469e-01,9.999625086784362793e-01,8.659593760967254639e-03,-4.031629941891878843e-05,-1.360760943498462439e-04
7.202128836600000739e+01,-1.328028505668044090e-03,-4.755474254488945007e-02,2.916050434112548828e+00,-1.197068929672241211e+00,9.783268570899963379e-01,-2.970550358295440674e-01,8.073369264602661133e-01,1.570412397384643555e+00,2.428451061248779297e+00,5.675946474075317383e-01,1.268584430217742920e-01,6.319039463996887207e-01,9.999625086784362793e-01,8.659593760967254639e-03,-4.031629941891878843e-05,-1.360760943498462439e-04
7.203732250100000556e+01,-3.180120373144745827e-03,-4.712978750467300415e-02,2.920490980148315430e+00,-1.198919057846069336e+00,9.783268570899963379e-01,-3.002140820026397705e-01,8.097280263900756836e-01,1.569487333297729492e+00,2.429986953735351562e+00,5.665219426155090332e-01,1.262490451335906982e-01,6.308092474937438965e-01,9.999625086784362793e-01,8.659593760967254639e-03,-4.031629941891878843e-05,-1.360760943498462439e-04
7.205323798800000645e+01,-3.180120373144745827e-03,-4.712978750467300415e-02,2.920490980148315430e+00,-1.200995922088623047e+00,9.784315824508666992e-01,-3.032160401344299316e-01,8.121017217636108398e-01,1.568457603454589844e+00,2.431452989578247070e+00,5.654345154762268066e-01,1.255721449851989746e-01,6.297299861907958984e-01,9.999625086784362793e-01,8.659593760967254639e-03,-4.031629941891878843e-05,-1.360760943498462439e-04
7.206930524400000593e+01,-5.034239031374454498e-03,-4.671302437782287598e-02,2.924932003021240234e+00,-1.203037977218627930e+00,9.785886406898498535e-01,-3.063227236270904541e-01,8.148069381713867188e-01,1.567462801933288574e+00,2.432796955108642578e+00,5.643302202224731445e-01,1.248350068926811218e-01,6.286661028861999512e-01,9.999625086784362793e-01,8.659593760967254639e-03,-4.031629941891878843e-05,-1.360760943498462439e-04
7.208534120699999903e+01,-6.948443595319986343e-03,-4.629167914390563965e-02,2.929012060165405273e+00,-1.205254554748535156e+00,9.786410331726074219e-01,-3.095341324806213379e-01,8.173726201057434082e-01,1.566432952880859375e+00,2.433966398239135742e+00,5.632141232490539551e-01,1.240482330322265625e-01,6.276178359985351562e-01,9.999625086784362793e-01,8.659593760967254639e-03,-4.031629941891878843e-05,-1.360760943498462439e-04
7.210131868100000929e+01,-8.863960392773151398e-03,-4.587823152542114258e-02,2.933091163635253906e+00,-1.207575798034667969e+00,9.788504838943481445e-01,-3.127281069755554199e-01,8.200953006744384766e-01,1.565455675125122070e+00,2.435013532638549805e+00,5.620804429054260254e-01,1.232260838150978088e-01,6.265829801559448242e-01,9.999625086784362793e-01,8.659593760967254639e-03,-4.031629941891878843e-05,-1.360760943498462439e-04
7.211727293100000225e+01,-1.078172307461500168e-02,-4.547247663140296936e-02,2.937171697616577148e+00,-1.209809899330139160e+00,9.791995286941528320e-01,-3.160442113876342773e-01,8.226958513259887695e-01,1.564617872238159180e+00,2.435903787612915039e+00,5.609189867973327637e-01,1.223986223340034485e-01,6.255670189857482910e-01,9.999625086784362793e-01,8.659593760967254639e-03,-4.031629941891878843e-05,-1.360760943498462439e-04
7.213323735100000533e+01,-1.078172307461500168e-02,-4.547247663140296936e-02,2.937171697616577148e+00,-1.212270736694335938e+00,9.792518615722656250e-01,-3.194301724433898926e-01,8.253138661384582520e-01,1.563588142395019531e+00,2.436741352081298828e+00,5.597307682037353516e-01,1.215639635920524597e-01,6.245644092559814453e-01,9.999625086784362793e-01,8.659593760967254639e-03,-4.031629941891878843e-05,-1.360760943498462439e-04
7.214927007400000036e+01,-1.275935396552085876e-02,-4.506248235702514648e-02,2.940131187438964844e+00,-1.213579773902893066e+00,9.792518615722656250e-01,-3.210882246494293213e-01,8.265879154205322266e-01,1.562959790229797363e+00,2.437072992324829102e+00,5.585229396820068359e-01,1.207255572080612183e-01,6.235759854316711426e-01,9.999625086784362793e-01,8.659593760967254639e-03,-4.031629941891878843e-05,-1.360760943498462439e-04
7.216526215400000410e+01,-1.473844982683658600e-02,-4.465828835964202881e-02,2.943091154098510742e+00,-1.217716217041015625e+00,9.794089794158935547e-01,-3.259227871894836426e-01,8.303229212760925293e-01,1.561301708221435547e+00,2.437998056411743164e+00,5.572634339332580566e-01,1.199347376823425293e-01,6.225978732109069824e-01,9.999625086784362793e-01,8.659593760967254639e-03,-4.031629941891878843e-05,-1.360760943498462439e-04
7.218127879000000746e+01,-1.671906374394893646e-02,-4.425988346338272095e-02,2.946051597595214844e+00,-1.220578551292419434e+00,9.794962406158447266e-01,-3.291167318820953369e-01,8.331852555274963379e-01,1.560097455978393555e+00,2.438469409942626953e+00,5.559525489807128906e-01,1.192026063799858093e-01,6.216307282447814941e-01,9.999625086784362793e-01,8.659593760967254639e-03,-4.031629941891878843e-05,-1.360760943498462439e-04
7.219727345300000820e+01,-1.870077848434448242e-02,-4.386736452579498291e-02,2.949011802673339844e+00,-1.223528146743774414e+00,9.795485734939575195e-01,-3.322408795356750488e-01,8.357509374618530273e-01,1.558910608291625977e+00,2.438818454742431641e+00,5.545942783355712891e-01,1.185183003544807434e-01,6.206702589988708496e-01,9.999625086784362793e-01,8.659593760967254639e-03,-4.031629941891878843e-05,-1.360760943498462439e-04
7.221333610400000680e+01,-1.870077848434448242e-02,-4.386736452579498291e-02,2.949011802673339844e+00,-1.225011706352233887e+00,9.795485734939575195e-01,-3.337767720222473145e-01,8.370424509048461914e-01,1.558264851570129395e+00,2.438940525054931641e+00,5.531912446022033691e-01,1.178867965936660767e-01,6.197166442871093750e-01,9.999625086784362793e-01,8.659593760967254639e-03,-4.031629941891878843e-05,-1.360760943498462439e-04
7.222935091000000796e+01,-2.068277075886726379e-02,-4.348088055849075317e-02,2.951970815658569336e+00,-1.229427337646484375e+00,9.797754883766174316e-01,-3.385066092014312744e-01,8.405854701995849609e-01,1.556519508361816406e+00,2.439202308654785156e+00,5.517215132713317871e-01,1.173278912901878357e-01,6.187607645988464355e-01,9.999625086784362793e-01,8.659593760967254639e-03,-4.031629941891878843e-05,-1.360760943498462439e-04
7.224530200200000252e+01,-2.260815910995006561e-02,-4.311134293675422668e-02,2.954571485519409180e+00,-1.232464194297790527e+00,9.798976778984069824e-01,-3.418227434158325195e-01,8.430638313293457031e-01,1.555385112762451172e+00,2.439167499542236328e+00,5.502005219459533691e-01,1.168324351310729980e-01,6.178066134452819824e-01,9.999625086784362793e-01,8.659593760967254639e-03,-4.031629941891878843e-05,-1.360760943498462439e-04
7.226126903099999765e+01,-2.453328296542167664e-02,-4.274704679846763611e-02,2.957170724868774414e+00,-1.235518574714660645e+00,9.801245331764221191e-01,-3.451039493083953857e-01,8.456294536590576172e-01,1.554407715797424316e+00,2.439062833786010742e+00,5.486316084861755371e-01,1.163894087076187134e-01,6.168513894081115723e-01,9.999625086784362793e-01,8.659593760967254639e-03,-4.031629941891878843e-05,-1.360760943498462439e-04
7.227730392800000914e+01,-2.651944756507873535e-02,-4.237654432654380798e-02,2.958651065826416016e+00,-1.238485693931579590e+00,9.804910421371459961e-01,-3.482978940010070801e-01,8.481776714324951172e-01,1.553517580032348633e+00,2.438940525054931641e+00,5.469927787780761719e-01,1.160507053136825562e-01,6.159005165100097656e-01,9.999625086784362793e-01,8.659593760967254639e-03,-4.031629941891878843e-05,-1.360760943498462439e-04
7.229324916900000630e+01,-2.651944756507873535e-02,-4.237654432654380798e-02,2.958651065826416016e+00,-1.241574883460998535e+00,9.807528853416442871e-01,-3.514918684959411621e-01,8.508305549621582031e-01,1.552540183067321777e+00,2.438713550567626953e+00,5.452789664268493652e-01,1.158182024955749512e-01,6.149512529373168945e-01,9.999625086784362793e-01,8.659593760967254639e-03,-4.031629941891878843e-05,-1.360760943498462439e-04
7.230943934900000158e+01,-2.850599959492683411e-02,-4.200901463627815247e-02,2.960131168365478516e+00,-1.244646668434143066e+00,9.811368584632873535e-01,-3.545287251472473145e-01,8.531867265701293945e-01,1.551754832267761230e+00,2.438469409942626953e+00,5.435086488723754883e-01,1.156768053770065308e-01,6.140071153640747070e-01,9.999625086784362793e-01,8.659593760967254639e-03,-4.031629941891878843e-05,-1.360760943498462439e-04
7.232532117000000937e+01,-3.049263358116149902e-02,-4.164450615644454956e-02,2.961611032485961914e+00,-1.247718453407287598e+00,9.815906286239624023e-01,-3.576179742813110352e-01,8.555080294609069824e-01,1.551039218902587891e+00,2.438155174255371094e+00,5.416730642318725586e-01,1.156259328126907349e-01,6.130694746971130371e-01,9.999625086784362793e-01,8.659593760967254639e-03,-4.031629941891878843e-05,-1.360760943498462439e-04
7.234124168099999963e+01,-3.248011320829391479e-02,-4.128288477659225464e-02,2.962351083755493164e+00,-1.250755310058593750e+00,9.820443987846374512e-01,-3.607246577739715576e-01,8.580562472343444824e-01,1.550253748893737793e+00,2.437788724899291992e+00,5.397586822509765625e-01,1.156910136342048645e-01,6.121570467948913574e-01,9.999625086784362793e-01,8.659593760967254639e-03,-4.031629941891878843e-05,-1.360760943498462439e-04
7.235726765100000080e+01,-3.446801006793975830e-02,-4.092270508408546448e-02,2.963091135025024414e+00,-1.253827095031738281e+00,9.823585748672485352e-01,-3.639186024665832520e-01,8.607265949249267578e-01,1.549468398094177246e+00,2.437439680099487305e+00,5.377728939056396484e-01,1.158551275730133057e-01,6.112635731697082520e-01,9.999625086784362793e-01,8.659593760967254639e-03,-4.031629941891878843e-05,-1.360760943498462439e-04
7.237323120599999982e+01,-3.446801006793975830e-02,-4.092270508408546448e-02,2.963091135025024414e+00,-1.256951212882995605e+00,9.827250838279724121e-01,-3.671300113201141357e-01,8.631002306938171387e-01,1.548735380172729492e+00,2.436985731124877930e+00,5.357330441474914551e-01,1.161029189825057983e-01,6.103888154029846191e-01,9.999625086784362793e-01,8.659593760967254639e-03,-4.031629941891878843e-05,-1.360760943498462439e-04
7.238932231900000147e+01,-3.633712977170944214e-02,-4.058547317981719971e-02,2.963091135025024414e+00,-1.259918332099914551e+00,9.830567240715026855e-01,-3.704286813735961914e-01,8.653691411018371582e-01,1.548089623451232910e+00,2.436584472656250000e+00,5.336211323738098145e-01,1.164646670222282410e-01,6.095356941223144531e-01,9.999625086784362793e-01,8.659593760967254639e-03,-4.031629941891878843e-05,-1.360760943498462439e-04
7.240533548599999847e+01,-3.820697590708732605e-02,-4.024811461567878723e-02,2.963091135025024414e+00,-1.262937664985656738e+00,9.834232330322265625e-01,-3.736924529075622559e-01,8.674111962318420410e-01,1.547600865364074707e+00,2.436147928237915039e+00,5.314486622810363770e-01,1.169358342885971069e-01,6.087062954902648926e-01,9.999625086784362793e-01,8.659593760967254639e-03,-4.031629941891878843e-05,-1.360760943498462439e-04
7.242123846100000151e+01,-4.007748514413833618e-02,-3.991063311696052551e-02,2.963091135025024414e+00,-1.265887260437011719e+00,9.839119315147399902e-01,-3.769038617610931396e-01,8.695579171180725098e-01,1.547216892242431641e+00,2.435676813125610352e+00,5.292181968688964844e-01,1.175022050738334656e-01,6.078944802284240723e-01,9.999625086784362793e-01,8.659593760967254639e-03,-4.031629941891878843e-05,-1.360760943498462439e-04
7.243730933199999811e+01,-4.186880588531494141e-02,-3.958743810653686523e-02,2.961991071701049805e+00,-1.267370820045471191e+00,9.841737151145935059e-01,-3.785270154476165771e-01,8.705178499221801758e-01,1.547059893608093262e+00,2.435432434082031250e+00,5.269461274147033691e-01,1.181598529219627380e-01,6.071041822433471680e-01,9.999625086784362793e-01,8.659593760967254639e-03,-4.031629941891878843e-05,-1.360760943498462439e-04
7.245331516400000282e+01,-4.186880588531494141e-02,-3.958743810653686523e-02,2.961991071701049805e+00,-1.271542191505432129e+00,9.847496747970581055e-01,-3.833092153072357178e-01,8.733801841735839844e-01,1.546536207199096680e+00,2.434821605682373047e+00,5.246099233627319336e-01,1.189376413822174072e-01,6.063328981399536133e-01,9.999625086784362793e-01,8.659593760967254639e-03,-4.031629941891878843e-05,-1.360760943498462439e-04
7.246923827800000595e+01,-4.365876317024230957e-02,-3.926245868206024170e-02,2.960891485214233398e+00,-1.274230003356933594e+00,9.854128956794738770e-01,-3.863635361194610596e-01,8.751604557037353516e-01,1.546448945999145508e+00,2.434420108795166016e+00,5.222318768501281738e-01,1.198145151138305664e-01,6.055819988250732422e-01,9.999625086784362793e-01,8.659593760967254639e-03,-4.031629941891878843e-05,-1.360760943498462439e-04
7.248526492700000290e+01,-4.539000988006591797e-02,-3.894617035984992981e-02,2.959411621093750000e+00,-1.276656031608581543e+00,9.860063195228576660e-01,-3.894876837730407715e-01,8.771675825119018555e-01,1.546414017677307129e+00,2.433983802795410156e+00,5.198088884353637695e-01,1.207804828882217407e-01,6.048452854156494141e-01,9.999625086784362793e-01,8.659593760967254639e-03,-4.031629941891878843e-05,-1.360760943498462439e-04
7.250127619900000298e+01,-4.712102562189102173e-02,-3.862727433443069458e-02,2.957931518554687500e+00,-1.279012203216552734e+00,9.866695404052734375e-01,-3.928561508655548096e-01,8.788779973983764648e-01,1.546466469764709473e+00,2.433617353439331055e+00,5.173494219779968262e-01,1.218392029404640198e-01,6.041261553764343262e-01,9.999625086784362793e-01,8.659593760967254639e-03,-4.031629941891878843e-05,-1.360760943498462439e-04
7.251734385500000712e+01,-4.885152354836463928e-02,-3.830582648515701294e-02,2.956451416015625000e+00,-1.281106591224670410e+00,9.874723553657531738e-01,-3.960850238800048828e-01,8.805535435676574707e-01,1.546553730964660645e+00,2.433268308639526367e+00,5.148510336875915527e-01,1.229865700006484985e-01,6.034213900566101074e-01,9.999625086784362793e-01,8.659593760967254639e-03,-4.031629941891878843e-05,-1.360760943498462439e-04
7.253338970699999777e+01,-4.885152354836463928e-02,-3.830582648515701294e-02,2.956451416015625000e+00,-1.282921671867370605e+00,9.881530404090881348e-01,-3.993138670921325684e-01,8.822290301322937012e-01,1.546693325042724609e+00,2.433006525039672852e+00,5.123230814933776855e-01,1.242091506719589233e-01,6.027298569679260254e-01,9.999625086784362793e-01,8.659593760967254639e-03,-4.031629941891878843e-05,-1.360760943498462439e-04
7.254928860700000826e+01,-5.040461570024490356e-02,-3.801495581865310669e-02,2.954611301422119141e+00,-1.284579753875732422e+00,9.890257120132446289e-01,-4.024554789066314697e-01,8.835554718971252441e-01,1.546937704086303711e+00,2.432849407196044922e+00,5.097701549530029297e-01,1.255047321319580078e-01,6.020445823669433594e-01,9.999625086784362793e-01,8.659593760967254639e-03,-4.031629941891878843e-05,-1.360760943498462439e-04
7.256532026600000052e+01,-5.195676907896995544e-02,-3.772129863500595093e-02,2.952771663665771484e+00,-1.285923719406127930e+00,9.897936582565307617e-01,-4.056145250797271729e-01,8.849691748619079590e-01,1.547251820564270020e+00,2.432744741439819336e+00,5.071843862533569336e-01,1.268928796052932739e-01,6.013470292091369629e-01,9.999625086784362793e-01,8.659593760967254639e-03,-4.031629941891878843e-05,-1.360760943498462439e-04
7.258133098500000813e+01,-5.337132886052131653e-02,-3.745098039507865906e-02,2.951671361923217773e+00,-1.287023186683654785e+00,9.907187223434448242e-01,-4.086513817310333252e-01,8.861560225486755371e-01,1.547670722007751465e+00,2.432762145996093750e+00,5.045748353004455566e-01,1.283586174249649048e-01,6.006405353546142578e-01,9.999625086784362793e-01,8.659593760967254639e-03,-4.031629941891878843e-05,-1.360760943498462439e-04
7.259725732700000833e+01,-5.478636175394058228e-02,-3.717895969748497009e-02,2.950570821762084961e+00,-1.287913322448730469e+00,9.917309880256652832e-01,-4.118104279041290283e-01,8.873952031135559082e-01,1.548159360885620117e+00,2.432832002639770508e+00,5.019518136978149414e-01,1.298872679471969604e-01,5.999286174774169922e-01,9.999625086784362793e-01,8.659593760967254639e-03,-4.031629941891878843e-05,-1.360760943498462439e-04
7.261333905700000457e+01,-5.478636175394058228e-02,-3.717895969748497009e-02,2.950570821762084961e+00,-1.288541674613952637e+00,9.927258491516113281e-01,-4.149520397186279297e-01,8.887391090393066406e-01,1.548630595207214355e+00,2.432884216308593750e+00,4.993170797824859619e-01,1.314963251352310181e-01,5.992026329040527344e-01,9.999625086784362793e-01,8.659593760967254639e-03,-4.031629941891878843e-05,-1.360760943498462439e-04
7.262928382700000896e+01,-5.619905143976211548e-02,-3.690577298402786255e-02,2.949471712112426758e+00,-1.288733720779418945e+00,9.937381148338317871e-01,-4.181983470916748047e-01,8.898735642433166504e-01,1.549171686172485352e+00,2.433076143264770508e+00,4.966942965984344482e-01,1.331688612699508667e-01,5.984681248664855957e-01,9.999625086784362793e-01,8.659593760967254639e-03,-4.031629941891878843e-05,-1.360760943498462439e-04
7.264570450600000129e+01,-5.755420029163360596e-02,-3.664216771721839905e-02,2.947991132736206055e+00,-1.288646340370178223e+00,9.948725700378417969e-01,-4.215144813060760498e-01,8.908509612083435059e-01,1.549730181694030762e+00,2.433425426483154297e+00,4.940946996212005615e-01,1.348868459463119507e-01,5.977307558059692383e-01,9.999625086784362793e-01,8.659593760967254639e-03,-4.031629941891878843e-05,-1.360760943498462439e-04
7.266195288800000185e+01,-5.890825763344764709e-02,-3.637669607996940613e-02,2.946511268615722656e+00,-1.288367152214050293e+00,9.959372282028198242e-01,-4.248305857181549072e-01,8.919156193733215332e-01,1.550341010093688965e+00,2.433809280395507812e+00,4.915253221988677979e-01,1.366421133279800415e-01,5.969943404197692871e-01,9.999625086784362793e-01,8.659593760967254639e-03,-4.031629941891878843e-05,-1.360760943498462439e-04
7.267729508899999757e+01,-6.026179343461990356e-02,-3.610924631357192993e-02,2.945031404495239258e+00,-1.287965774536132812e+00,9.970891475677490234e-01,-4.281292557716369629e-01,8.927358984947204590e-01,1.551021695137023926e+00,2.434350252151489258e+00,4.889832735061645508e-01,1.384467482566833496e-01,5.962586402893066406e-01,9.999625086784362793e-01,8.659593760967254639e-03,-4.031629941891878843e-05,-1.360760943498462439e-04
7.269324237800000788e+01,-6.026179343461990356e-02,-3.610924631357192993e-02,2.945031404495239258e+00,-1.287442088127136230e+00,9.982236027717590332e-01,-4.313057661056518555e-01,8.935213088989257812e-01,1.551615118980407715e+00,2.435030937194824219e+00,4.863120615482330322e-01,1.386538147926330566e-01,5.954701304435729980e-01,9.999625086784362793e-01,8.659593760967254639e-03,-4.031629941891878843e-05,-1.360760943498462439e-04
7.270939706800000124e+01,-6.161516904830932617e-02,-3.583974391222000122e-02,2.943551540374755859e+00,-1.286691665649414062e+00,9.993580579757690430e-01,-4.345171749591827393e-01,8.942369222640991211e-01,1.552278399467468262e+00,2.435903787612915039e+00,4.837885200977325439e-01,1.391591280698776245e-01,5.947219729423522949e-01,9.999625086784362793e-01,8.659593760967254639e-03,-4.031629941891878843e-05,-1.360760943498462439e-04
7.272528182500001037e+01,-6.296853721141815186e-02,-3.556816279888153076e-02,2.942071199417114258e+00,-1.285766601562500000e+00,1.000562310218811035e+00,-4.375365972518920898e-01,8.949524760246276855e-01,1.552906751632690430e+00,2.436881065368652344e+00,4.813083708286285400e-01,1.399033814668655396e-01,5.939811468124389648e-01,9.999625086784362793e-01,8.659593760967254639e-03,-4.031629941891878843e-05,-1.360760943498462439e-04
7.274125018800000930e+01,-6.432224810123443604e-02,-3.529442474246025085e-02,2.940589904785156250e+00,-1.284457564353942871e+00,1.001714229583740234e+00,-4.406607151031494141e-01,8.957204222679138184e-01,1.553639769554138184e+00,2.437858343124389648e+00,4.788634479045867920e-01,1.408501267433166504e-01,5.932455062866210938e-01,9.999625086784362793e-01,8.659593760967254639e-03,-4.031629941891878843e-05,-1.360760943498462439e-04
7.275725171800000624e+01,-6.567312031984329224e-02,-3.501917794346809387e-02,2.939111471176147461e+00,-1.282904267311096191e+00,1.002953410148620605e+00,-4.439244866371154785e-01,8.964185714721679688e-01,1.554407715797424316e+00,2.438975572586059570e+00,4.764582514762878418e-01,1.419646143913269043e-01,5.925177335739135742e-01,9.999625086784362793e-01,8.659593760967254639e-03,-4.031629941891878843e-05,-1.360760943498462439e-04
7.277331497800000193e+01,-6.567312031984329224e-02,-3.501917794346809387e-02,2.939111471176147461e+00,-1.281176447868347168e+00,1.004140257835388184e+00,-4.471533596515655518e-01,8.969770669937133789e-01,1.555035948753356934e+00,2.440144777297973633e+00,4.740802049636840820e-01,1.432221233844757080e-01,5.917957425117492676e-01,9.999625086784362793e-01,8.659593760967254639e-03,-4.031629941891878843e-05,-1.360760943498462439e-04
7.278923720000000230e+01,-6.702515482902526855e-02,-3.474161401391029358e-02,2.937631130218505859e+00,-1.279570698738098145e+00,1.005519032478332520e+00,-4.502076804637908936e-01,8.974133729934692383e-01,1.555577039718627930e+00,2.441261768341064453e+00,4.717377424240112305e-01,1.445876061916351318e-01,5.910848975181579590e-01,9.999625086784362793e-01,8.659593760967254639e-03,-4.031629941891878843e-05,-1.360760943498462439e-04
7.280664512399999921e+01,-6.838051974773406982e-02,-3.446127474308013916e-02,2.936146974563598633e+00,-1.277860283851623535e+00,1.006828069686889648e+00,-4.534539878368377686e-01,8.979020714759826660e-01,1.555978536605834961e+00,2.442378759384155273e+00,4.694217145442962646e-01,1.460470706224441528e-01,5.903826951980590820e-01,9.999625086784362793e-01,8.659593760967254639e-03,-4.031629941891878843e-05,-1.360760943498462439e-04
7.282128616600000726e+01,-6.973218917846679688e-02,-3.417960554361343384e-02,2.934666156768798828e+00,-1.276132345199584961e+00,1.008084774017333984e+00,-4.566130340099334717e-01,8.982337117195129395e-01,1.556449770927429199e+00,2.443443536758422852e+00,4.671321213245391846e-01,1.475836932659149170e-01,5.896896719932556152e-01,9.999625086784362793e-01,8.659593760967254639e-03,-4.031629941891878843e-05,-1.360760943498462439e-04
7.283732215100000928e+01,-7.107847183942794800e-02,-3.389697894454002380e-02,2.933928489685058594e+00,-1.274352192878723145e+00,1.009323954582214355e+00,-4.596848189830780029e-01,8.985478878021240234e-01,1.556851148605346680e+00,2.444525718688964844e+00,4.648808240890502930e-01,1.491739898920059204e-01,5.890190005302429199e-01,9.999625086784362793e-01,8.659593760967254639e-03,-4.031629941891878843e-05,-1.360760943498462439e-04
7.285327641199999960e+01,-7.107847183942794800e-02,-3.389697894454002380e-02,2.933928489685058594e+00,-1.272449731826782227e+00,1.010458350181579590e+00,-4.628089666366577148e-01,8.990539908409118652e-01,1.557322382926940918e+00,2.445694923400878906e+00,4.626756906509399414e-01,1.507998406887054443e-01,5.883747935295104980e-01,9.999625086784362793e-01,8.659593760967254639e-03,-4.031629941891878843e-05,-1.360760943498462439e-04
7.286939121400000374e+01,-7.242813706398010254e-02,-3.361260145902633667e-02,2.933188915252685547e+00,-1.270320415496826172e+00,1.011749863624572754e+00,-4.659330844879150391e-01,8.994030952453613281e-01,1.557723760604858398e+00,2.447004079818725586e+00,4.605017006397247314e-01,1.524613946676254272e-01,5.877512097358703613e-01,9.999625086784362793e-01,8.659593760967254639e-03,-4.031629941891878843e-05,-1.360760943498462439e-04
7.288534335500000338e+01,-7.383708655834197998e-02,-3.331464529037475586e-02,2.932828903198242188e+00,-1.268243551254272461e+00,1.013023972511291504e+00,-4.691270589828491211e-01,9.001186490058898926e-01,1.558160185813903809e+00,2.448208332061767578e+00,4.583683609962463379e-01,1.541381925344467163e-01,5.871566534042358398e-01,9.999625086784362793e-01,8.659593760967254639e-03,-4.031629941891878843e-05,-1.360760943498462439e-04
7.290137262000000362e+01,-7.524766772985458374e-02,-3.301581367850303650e-02,2.932468414306640625e+00,-1.266079306602478027e+00,1.014228224754333496e+00,-4.724431633949279785e-01,9.008516669273376465e-01,1.558648824691772461e+00,2.449412584304809570e+00,4.562855958938598633e-01,1.558040976524353027e-01,5.866111516952514648e-01,9.999625086784362793e-01,8.659593760967254639e-03,-4.031629941891878843e-05,-1.360760943498462439e-04
7.291729889200000514e+01,-7.665693759918212891e-02,-3.271672502160072327e-02,2.932108163833618164e+00,-1.264019846916198730e+00,1.015450000762939453e+00,-4.757941961288452148e-01,9.014974832534790039e-01,1.559312105178833008e+00,2.450564384460449219e+00,4.542517364025115967e-01,1.574555635452270508e-01,5.861092805862426758e-01,9.999625086784362793e-01,8.659593760967254639e-03,-4.031629941891878843e-05,-1.360760943498462439e-04
7.293326604800000723e+01,-7.665693759918212891e-02,-3.271672502160072327e-02,2.932108163833618164e+00,-1.262256979942321777e+00,1.016654253005981445e+00,-4.790230691432952881e-01,9.022654294967651367e-01,1.559992790222167969e+00,2.451402187347412109e+00,4.522500932216644287e-01,1.591019928455352783e-01,5.856427550315856934e-01,9.999625086784362793e-01,8.659593760967254639e-03,-4.031629941891878843e-05,-1.360760943498462439e-04
7.294936226800000156e+01,-7.814114540815353394e-02,-3.240117803215980530e-02,2.932108163833618164e+00,-1.260319709777832031e+00,1.017876029014587402e+00,-4.822693765163421631e-01,9.030682444572448730e-01,1.560830473899841309e+00,2.452239990234375000e+00,4.502891600131988525e-01,1.606965959072113037e-01,5.852255225181579590e-01,9.999625086784362793e-01,8.659593760967254639e-03,-4.031629941891878843e-05,-1.360760943498462439e-04
7.296530125600000360e+01,-7.962822914123535156e-02,-3.208502009510993958e-02,2.932108163833618164e+00,-1.258329987525939941e+00,1.019097805023193359e+00,-4.853411614894866943e-01,9.039234519004821777e-01,1.561476230621337891e+00,2.453322172164916992e+00,4.483510553836822510e-01,1.622448861598968506e-01,5.848530530929565430e-01,9.999625086784362793e-01,8.659593760967254639e-03,-4.031629941891878843e-05,-1.360760943498462439e-04
7.298133625399999858e+01,-8.129123598337173462e-02,-3.173146024346351624e-02,2.932468175888061523e+00,-1.256183266639709473e+00,1.020249724388122559e+00,-4.884478449821472168e-01,9.049706459045410156e-01,1.562034726142883301e+00,2.454578638076782227e+00,4.464407563209533691e-01,1.637468189001083374e-01,5.845204591751098633e-01,9.999625086784362793e-01,8.659593760967254639e-03,-4.031629941891878843e-05,-1.360760943498462439e-04
7.299731004000000212e+01,-8.295352756977081299e-02,-3.137867525219917297e-02,2.932828187942504883e+00,-1.253949284553527832e+00,1.021419048309326172e+00,-4.915545284748077393e-01,9.058607816696166992e-01,1.562558412551879883e+00,2.456131935119628906e+00,4.445492327213287354e-01,1.652056127786636353e-01,5.842263698577880859e-01,9.999625086784362793e-01,8.659593760967254639e-03,-4.031629941891878843e-05,-1.360760943498462439e-04
7.301329653700000222e+01,-8.295352756977081299e-02,-3.137867525219917297e-02,2.932828187942504883e+00,-1.251732707023620605e+00,1.022728085517883301e+00,-4.947659373283386230e-01,9.068731069564819336e-01,1.563186645507812500e+00,2.457528352737426758e+00,4.426863193511962891e-01,1.665972173213958740e-01,5.839819908142089844e-01,9.999625086784362793e-01,8.659593760967254639e-03,-4.031629941891878843e-05,-1.360760943498462439e-04
7.302925402500000018e+01,-8.461671322584152222e-02,-3.102632611989974976e-02,2.933188199996948242e+00,-1.249551057815551758e+00,1.024037003517150879e+00,-4.979773461818695068e-01,9.079900979995727539e-01,1.563745141029357910e+00,2.459046840667724609e+00,4.408427476882934570e-01,1.679351925849914551e-01,5.837793946266174316e-01,9.999625086784362793e-01,8.659593760967254639e-03,-4.031629941891878843e-05,-1.360760943498462439e-04
7.304524033399999894e+01,-8.628406375646591187e-02,-3.067372553050518036e-02,2.933548927307128906e+00,-1.248434066772460938e+00,1.024735212326049805e+00,-4.996528625488281250e-01,9.086533188819885254e-01,1.563972115516662598e+00,2.459849596023559570e+00,4.390203356742858887e-01,1.692239791154861450e-01,5.836129188537597656e-01,9.999625086784362793e-01,8.659593760967254639e-03,-4.031629941891878843e-05,-1.360760943498462439e-04
7.306128453700000591e+01,-8.794346451759338379e-02,-3.032342717051506042e-02,2.933908224105834961e+00,-1.245065569877624512e+00,1.026567816734313965e+00,-5.045223236083984375e-01,9.104859232902526855e-01,1.564687728881835938e+00,2.462380409240722656e+00,4.372278153896331787e-01,1.704429835081100464e-01,5.834962725639343262e-01,9.999625086784362793e-01,8.659593760967254639e-03,-4.031629941891878843e-05,-1.360760943498462439e-04
7.307725843300001145e+01,-8.960653096437454224e-02,-2.997298166155815125e-02,2.935007810592651367e+00,-1.242814064025878906e+00,1.027772068977355957e+00,-5.076813697814941406e-01,9.116378426551818848e-01,1.565158963203430176e+00,2.464003562927246094e+00,4.354694485664367676e-01,1.715903580188751221e-01,5.834283232688903809e-01,9.999625086784362793e-01,8.659593760967254639e-03,-4.031629941891878843e-05,-1.360760943498462439e-04
7.309327719800000978e+01,-8.960653096437454224e-02,-2.997298166155815125e-02,2.935007810592651367e+00,-1.240614891052246094e+00,1.029046177864074707e+00,-5.108229517936706543e-01,9.129817485809326172e-01,1.565577745437622070e+00,2.465713977813720703e+00,4.337359070777893066e-01,1.726792901754379272e-01,5.834017992019653320e-01,9.999625086784362793e-01,8.659593760967254639e-03,-4.031629941891878843e-05,-1.360760943498462439e-04
7.310929933700001015e+01,-9.127038717269897461e-02,-2.962427958846092224e-02,2.936107873916625977e+00,-1.238485693931579590e+00,1.030302762985229492e+00,-5.139994621276855469e-01,9.142557978630065918e-01,1.565926909446716309e+00,2.467424392700195312e+00,4.320287406444549561e-01,1.737073808908462524e-01,5.834104418754577637e-01,9.999625086784362793e-01,8.659593760967254639e-03,-4.031629941891878843e-05,-1.360760943498462439e-04
7.312524377799999797e+01,-9.293507784605026245e-02,-2.927731350064277649e-02,2.937208175659179688e+00,-1.236461043357849121e+00,1.031681537628173828e+00,-5.172457695007324219e-01,9.158789515495300293e-01,1.565996646881103516e+00,2.469379186630249023e+00,4.303434789180755615e-01,1.746616512537002563e-01,5.834490656852722168e-01,9.999625086784362793e-01,8.659593760967254639e-03,-4.031629941891878843e-05,-1.360760943498462439e-04
7.314124763200000245e+01,-9.465822577476501465e-02,-2.892014198005199432e-02,2.938688039779663086e+00,-1.234523773193359375e+00,1.033200025558471680e+00,-5.204920768737792969e-01,9.177290201187133789e-01,1.566101431846618652e+00,2.471298933029174805e+00,4.286822974681854248e-01,1.755500733852386475e-01,5.835129022598266602e-01,9.999625086784362793e-01,8.659593760967254639e-03,-4.031629941891878843e-05,-1.360760943498462439e-04
7.315728652600000714e+01,-9.638215601444244385e-02,-2.856546826660633087e-02,2.940167903900146484e+00,-1.232499122619628906e+00,1.034700989723205566e+00,-5.238955020904541016e-01,9.194045662879943848e-01,1.566258430480957031e+00,2.473306179046630859e+00,4.270363152027130127e-01,1.763852685689926147e-01,5.835982561111450195e-01,9.999625086784362793e-01,8.659593760967254639e-03,-4.031629941891878843e-05,-1.360760943498462439e-04
7.317329529700000990e+01,-9.638215601444244385e-02,-2.856546826660633087e-02,2.940167903900146484e+00,-1.230404734611511230e+00,1.036114692687988281e+00,-5.272814035415649414e-01,9.210975170135498047e-01,1.566241025924682617e+00,2.475208520889282227e+00,4.254064857959747314e-01,1.771592646837234497e-01,5.837020874023437500e-01,9.999625086784362793e-01,8.659593760967254639e-03,-4.031629941891878843e-05,-1.360760943498462439e-04
7.318928464100000042e+01,-9.798910468816757202e-02,-2.823733910918235779e-02,2.942388057708740234e+00,-1.228240609169006348e+00,1.037528395652770996e+00,-5.305103063583374023e-01,9.227206707000732422e-01,1.566275954246520996e+00,2.477215528488159180e+00,4.237857162952423096e-01,1.778789162635803223e-01,5.838218927383422852e-01,9.999625086784362793e-01,8.659593760967254639e-03,-4.031629941891878843e-05,-1.360760943498462439e-04
7.320532652500000381e+01,-9.959667176008224487e-02,-2.791279926896095276e-02,2.944608211517333984e+00,-1.226285815238952637e+00,1.039029359817504883e+00,-5.336693525314331055e-01,9.243787527084350586e-01,1.566188693046569824e+00,2.479065656661987305e+00,4.221782386302947998e-01,1.785494983196258545e-01,5.839549303054809570e-01,9.999625086784362793e-01,8.659593760967254639e-03,-4.031629941891878843e-05,-1.360760943498462439e-04
7.322128796900000225e+01,-1.012051030993461609e-01,-2.759180217981338501e-02,2.946828365325927734e+00,-1.224540472030639648e+00,1.040565252304077148e+00,-5.368283987045288086e-01,9.262811541557312012e-01,1.565996646881103516e+00,2.481055259704589844e+00,4.205738306045532227e-01,1.791799217462539673e-01,5.840917825698852539e-01,9.999625086784362793e-01,8.659593760967254639e-03,-4.031629941891878843e-05,-1.360760943498462439e-04
7.323734013700000389e+01,-1.027549207210540771e-01,-2.728607691824436188e-02,2.950167655944824219e+00,-1.223039507865905762e+00,1.042171001434326172e+00,-5.399525165557861328e-01,9.283406138420104980e-01,1.565874457359313965e+00,2.482957839965820312e+00,4.189765155315399170e-01,1.797701418399810791e-01,5.842089056968688965e-01,9.999625086784362793e-01,8.659593760967254639e-03,-4.031629941891878843e-05,-1.360760943498462439e-04
7.325333292000000540e+01,-1.027549207210540771e-01,-2.728607691824436188e-02,2.950167655944824219e+00,-1.221329092979431152e+00,1.043706893920898438e+00,-5.430940985679626465e-01,9.302604794502258301e-01,1.565560340881347656e+00,2.484894990921020508e+00,4.173790514469146729e-01,1.803278326988220215e-01,5.843095779418945312e-01,9.999625086784362793e-01,8.659593760967254639e-03,-4.031629941891878843e-05,-1.360760943498462439e-04
7.326926939599999855e+01,-1.043063104152679443e-01,-2.698541991412639618e-02,2.953508138656616211e+00,-1.219461560249328613e+00,1.045487165451049805e+00,-5.462880730628967285e-01,9.321454763412475586e-01,1.565263628959655762e+00,2.487041711807250977e+00,4.157871007919311523e-01,1.808557063341140747e-01,5.843959450721740723e-01,9.999625086784362793e-01,8.659593760967254639e-03,-4.031629941891878843e-05,-1.360760943498462439e-04
7.328531972900000824e+01,-1.058005988597869873e-01,-2.670100703835487366e-02,2.957211017608642578e+00,-1.217908263206481934e+00,1.047214984893798828e+00,-5.494819879531860352e-01,9.340827465057373047e-01,1.564931988716125488e+00,2.489014148712158203e+00,4.142079353332519531e-01,1.813481003046035767e-01,5.844683051109313965e-01,9.999625086784362793e-01,8.659593760967254639e-03,-4.031629941891878843e-05,-1.360760943498462439e-04
7.330130738200000451e+01,-1.072936058044433594e-01,-2.642256021499633789e-02,2.960907936096191406e+00,-1.216756343841552734e+00,1.048925399780273438e+00,-5.527632236480712891e-01,9.360200762748718262e-01,1.564582943916320801e+00,2.490864038467407227e+00,4.126488268375396729e-01,1.818048208951950073e-01,5.845278501510620117e-01,9.999625086784362793e-01,8.659593760967254639e-03,-4.031629941891878843e-05,-1.360760943498462439e-04
7.331728025500000001e+01,-1.087890863418579102e-01,-2.614936977624893188e-02,2.964608430862426758e+00,-1.215866208076477051e+00,1.050653338432312012e+00,-5.559222698211669922e-01,9.379399418830871582e-01,1.564268827438354492e+00,2.492679119110107422e+00,4.111036062240600586e-01,1.822317391633987427e-01,5.845764875411987305e-01,9.999625086784362793e-01,8.659593760967254639e-03,-4.031629941891878843e-05,-1.360760943498462439e-04
7.333324832099999924e+01,-1.087890863418579102e-01,-2.614936977624893188e-02,2.964608430862426758e+00,-1.215394973754882812e+00,1.052433490753173828e+00,-5.591162443161010742e-01,9.400692582130432129e-01,1.563884854316711426e+00,2.494319915771484375e+00,4.095714986324310303e-01,1.826305091381072998e-01,5.846146345138549805e-01,9.999625086784362793e-01,8.659593760967254639e-03,-4.031629941891878843e-05,-1.360760943498462439e-04
7.334930109500000128e+01,-1.103438213467597961e-01,-2.587129734456539154e-02,2.969426631927490234e+00,-1.214976072311401367e+00,1.054213762283325195e+00,-5.622403621673583984e-01,9.420938491821289062e-01,1.563431024551391602e+00,2.495960474014282227e+00,4.080413281917572021e-01,1.830022037029266357e-01,5.846403241157531738e-01,9.999625086784362793e-01,8.659593760967254639e-03,-4.031629941891878843e-05,-1.360760943498462439e-04
7.336530678700000863e+01,-1.119008436799049377e-01,-2.560055255889892578e-02,2.974247932434082031e+00,-1.214644432067871094e+00,1.056098699569702148e+00,-5.653819441795349121e-01,9.440660476684570312e-01,1.562994718551635742e+00,2.497601032257080078e+00,4.065172076225280762e-01,1.833490133285522461e-01,5.846552848815917969e-01,9.999625086784362793e-01,8.659593760967254639e-03,-4.031629941891878843e-05,-1.360760943498462439e-04
7.338124829500000601e+01,-1.135177090764045715e-01,-2.532742172479629517e-02,2.979447126388549805e+00,-1.214609503746032715e+00,1.057913899421691895e+00,-5.685235261917114258e-01,9.460208415985107422e-01,1.562436223030090332e+00,2.499206781387329102e+00,4.049941301345825195e-01,1.836751252412796021e-01,5.846609473228454590e-01,9.999625086784362793e-01,8.659593760967254639e-03,-4.031629941891878843e-05,-1.360760943498462439e-04
7.339726369600001021e+01,-1.151364967226982117e-01,-2.506261877715587616e-02,2.984647989273071289e+00,-1.214853882789611816e+00,1.059728980064392090e+00,-5.717872977256774902e-01,9.479232430458068848e-01,1.561877727508544922e+00,2.500812530517578125e+00,4.034699797630310059e-01,1.839900910854339600e-01,5.846514105796813965e-01,9.999625086784362793e-01,8.659593760967254639e-03,-4.031629941891878843e-05,-1.360760943498462439e-04
7.341344323300000951e+01,-1.151364967226982117e-01,-2.506261877715587616e-02,2.984647989273071289e+00,-1.215220451354980469e+00,1.061561584472656250e+00,-5.749987363815307617e-01,9.497558474540710449e-01,1.561319231986999512e+00,2.502365827560424805e+00,4.019370377063751221e-01,1.842984259128570557e-01,5.846265554428100586e-01,9.999625086784362793e-01,8.659593760967254639e-03,-4.031629941891878843e-05,-1.360760943498462439e-04
7.342988284300000146e+01,-1.167566180229187012e-01,-2.480624057352542877e-02,2.989848852157592773e+00,-1.215761423110961914e+00,1.063341856002807617e+00,-5.782450437545776367e-01,9.514836668968200684e-01,1.560725808143615723e+00,2.503814458847045898e+00,4.004025459289550781e-01,1.845997869968414307e-01,5.845885872840881348e-01,9.999625086784362793e-01,8.659593760967254639e-03,-4.031629941891878843e-05,-1.360760943498462439e-04
7.344528050300000643e+01,-1.184960380196571350e-01,-2.454024925827980042e-02,2.995047807693481445e+00,-1.216424703598022461e+00,1.065104603767395020e+00,-5.814913511276245117e-01,9.532814025878906250e-01,1.560184717178344727e+00,2.505245685577392578e+00,3.988586962223052979e-01,1.849001646041870117e-01,5.845387578010559082e-01,9.999625086784362793e-01,8.659593760967254639e-03,-4.031629941891878843e-05,-1.360760943498462439e-04
7.346127575100000229e+01,-1.202372610569000244e-01,-2.428323961794376373e-02,3.000248193740844727e+00,-1.217227578163146973e+00,1.066972136497497559e+00,-5.847725868225097656e-01,9.550092816352844238e-01,1.559626221656799316e+00,2.506659269332885742e+00,3.973059654235839844e-01,1.852112412452697754e-01,5.844771265983581543e-01,9.999625086784362793e-01,8.659593760967254639e-03,-4.031629941891878843e-05,-1.360760943498462439e-04
7.347726712400000793e+01,-1.220420151948928833e-01,-2.402643673121929169e-02,3.005817174911499023e+00,-1.218222379684448242e+00,1.068752408027648926e+00,-5.879665017127990723e-01,9.567196965217590332e-01,1.559085130691528320e+00,2.508003234863281250e+00,3.957402110099792480e-01,1.855319887399673462e-01,5.844052433967590332e-01,9.999625086784362793e-01,8.659593760967254639e-03,-4.031629941891878843e-05,-1.360760943498462439e-04
7.349327223500000628e+01,-1.220420151948928833e-01,-2.402643673121929169e-02,3.005817174911499023e+00,-1.219636082649230957e+00,1.070585012435913086e+00,-5.910906791687011719e-01,9.586570262908935547e-01,1.558456897735595703e+00,2.509312152862548828e+00,3.941688835620880127e-01,1.858589053153991699e-01,5.843247175216674805e-01,9.999625086784362793e-01,8.659593760967254639e-03,-4.031629941891878843e-05,-1.360760943498462439e-04
7.350930050000000904e+01,-1.238420009613037109e-01,-2.378052845597267151e-02,3.011367082595825195e+00,-1.221049785614013672e+00,1.072435021400451660e+00,-5.941624641418457031e-01,9.609782695770263672e-01,1.557863473892211914e+00,2.510534048080444336e+00,3.925828337669372559e-01,1.862058937549591064e-01,5.842362642288208008e-01,9.999625086784362793e-01,8.659593760967254639e-03,-4.031629941891878843e-05,-1.360760943498462439e-04
7.352523207600000887e+01,-1.256474107503890991e-01,-2.354408055543899536e-02,3.016929626464843750e+00,-1.222638010978698730e+00,1.074197769165039062e+00,-5.972341895103454590e-01,9.630377888679504395e-01,1.557287454605102539e+00,2.511738300323486328e+00,3.909856677055358887e-01,1.865728646516799927e-01,5.841407179832458496e-01,9.999625086784362793e-01,8.659593760967254639e-03,-4.031629941891878843e-05,-1.360760943498462439e-04
7.354132462600000508e+01,-1.275317817926406860e-01,-2.330794371664524078e-02,3.022127151489257812e+00,-1.224383354187011719e+00,1.075960636138916016e+00,-6.004281640052795410e-01,9.649751186370849609e-01,1.556676626205444336e+00,2.512942552566528320e+00,3.893755376338958740e-01,1.869572252035140991e-01,5.840387940406799316e-01,9.999625086784362793e-01,8.659593760967254639e-03,-4.031629941891878843e-05,-1.360760943498462439e-04
7.355723594700000945e+01,-1.294184625148773193e-01,-2.308147400617599487e-02,3.027327775955200195e+00,-1.226111292839050293e+00,1.077688455581665039e+00,-6.035872101783752441e-01,9.667553305625915527e-01,1.556135535240173340e+00,2.514076948165893555e+00,3.877557218074798584e-01,1.873590946197509766e-01,5.839297771453857422e-01,9.999625086784362793e-01,8.659593760967254639e-03,-4.031629941891878843e-05,-1.360760943498462439e-04
7.357327246500000228e+01,-1.294184625148773193e-01,-2.308147400617599487e-02,3.027327775955200195e+00,-1.228083491325378418e+00,1.079416275024414062e+00,-6.068684458732604980e-01,9.687275290489196777e-01,1.555524706840515137e+00,2.515298604965209961e+00,3.861082792282104492e-01,1.877895593643188477e-01,5.838090777397155762e-01,9.999625086784362793e-01,8.659593760967254639e-03,-4.031629941891878843e-05,-1.360760943498462439e-04
7.358931548500000019e+01,-1.314253509044647217e-01,-2.285115234553813934e-02,3.031767845153808594e+00,-1.230073094367980957e+00,1.081126809120178223e+00,-6.101845502853393555e-01,9.706473946571350098e-01,1.554948687553405762e+00,2.516485452651977539e+00,3.844421505928039551e-01,1.882432252168655396e-01,5.836785435676574707e-01,9.999625086784362793e-01,8.659593760967254639e-03,-4.031629941891878843e-05,-1.360760943498462439e-04
7.360528751700000782e+01,-1.334329396486282349e-01,-2.262977883219718933e-02,3.036207437515258789e+00,-1.232254862785339355e+00,1.082715034484863281e+00,-6.134308576583862305e-01,9.728116393089294434e-01,1.554337859153747559e+00,2.517620086669921875e+00,3.827561438083648682e-01,1.887172013521194458e-01,5.835391879081726074e-01,9.999625086784362793e-01,8.659593760967254639e-03,-4.031629941891878843e-05,-1.360760943498462439e-04
7.362131195999999989e+01,-1.354415267705917358e-01,-2.241731621325016022e-02,3.040647029876708984e+00,-1.234558701515197754e+00,1.084390521049499512e+00,-6.165899038314819336e-01,9.748885631561279297e-01,1.553727030754089355e+00,2.518754482269287109e+00,3.810341358184814453e-01,1.892313808202743530e-01,5.833774209022521973e-01,9.999625086784362793e-01,8.659593760967254639e-03,-4.031629941891878843e-05,-1.360760943498462439e-04
7.363730135800000198e+01,-1.375113129615783691e-01,-2.220766805112361908e-02,3.044727563858032227e+00,-1.237002134323120117e+00,1.086100935935974121e+00,-6.198013424873352051e-01,9.769306182861328125e-01,1.553220868110656738e+00,2.519871473312377930e+00,3.792706727981567383e-01,1.897882968187332153e-01,5.831913352012634277e-01,9.999625086784362793e-01,8.659593760967254639e-03,-4.031629941891878843e-05,-1.360760943498462439e-04
7.365327377100000206e+01,-1.375113129615783691e-01,-2.220766805112361908e-02,3.044727563858032227e+00,-1.239340901374816895e+00,1.087759017944335938e+00,-6.229778528213500977e-01,9.789377450942993164e-01,1.552662372589111328e+00,2.520971059799194336e+00,3.774777948856353760e-01,1.903792619705200195e-01,5.829850435256958008e-01,9.999625086784362793e-01,8.659593760967254639e-03,-4.031629941891878843e-05,-1.360760943498462439e-04
7.366928082700000857e+01,-1.395814120769500732e-01,-2.200651727616786957e-02,3.048807382583618164e+00,-1.241592288017272949e+00,1.089452028274536133e+00,-6.261717677116394043e-01,9.808576107025146484e-01,1.552208542823791504e+00,2.522105455398559570e+00,3.756461143493652344e-01,1.910129040479660034e-01,5.827580690383911133e-01,9.999625086784362793e-01,8.659593760967254639e-03,-4.031629941891878843e-05,-1.360760943498462439e-04
7.368531803400000513e+01,-1.414780616760253906e-01,-2.183002978563308716e-02,3.052516698837280273e+00,-1.243948459625244141e+00,1.091144919395446777e+00,-6.295053362846374512e-01,9.829519987106323242e-01,1.551824569702148438e+00,2.523152589797973633e+00,3.737649619579315186e-01,1.917127072811126709e-01,5.825071930885314941e-01,9.999625086784362793e-01,8.659593760967254639e-03,-4.031629941891878843e-05,-1.360760943498462439e-04
7.370133460899999989e+01,-1.433656364679336548e-01,-2.166144549846649170e-02,3.056207180023193359e+00,-1.246409416198730469e+00,1.092680811882019043e+00,-6.328215003013610840e-01,9.851859807968139648e-01,1.551405668258666992e+00,2.524147510528564453e+00,3.718385994434356689e-01,1.924700140953063965e-01,5.822353363037109375e-01,9.999625086784362793e-01,8.659593760967254639e-03,-4.031629941891878843e-05,-1.360760943498462439e-04
7.371722154600000465e+01,-1.452602446079254150e-01,-2.149927988648414612e-02,3.059910297393798828e+00,-1.248905301094055176e+00,1.094164371490478516e+00,-6.360328793525695801e-01,9.872803688049316406e-01,1.550969362258911133e+00,2.525212287902832031e+00,3.698793053627014160e-01,1.932740509510040283e-01,5.819461345672607422e-01,9.999625086784362793e-01,8.659593760967254639e-03,-4.031629941891878843e-05,-1.360760943498462439e-04
7.373368674700000724e+01,-1.452602446079254150e-01,-2.149927988648414612e-02,3.059910297393798828e+00,-1.251226544380187988e+00,1.095770120620727539e+00,-6.392791867256164551e-01,9.895842075347900391e-01,1.550655245780944824e+00,2.526259422302246094e+00,3.678734302520751953e-01,1.941432356834411621e-01,5.816422700881958008e-01,9.999625086784362793e-01,8.659593760967254639e-03,-4.031629941891878843e-05,-1.360760943498462439e-04
7.374927607100001126e+01,-1.470135599374771118e-01,-2.135574631392955780e-02,3.062868833541870117e+00,-1.253722310066223145e+00,1.097201228141784668e+00,-6.425080299377441406e-01,9.919579029083251953e-01,1.550306200981140137e+00,2.527323961257934570e+00,3.658299148082733154e-01,1.950730979442596436e-01,5.813269019126892090e-01,9.999625086784362793e-01,8.659593760967254639e-03,-4.031629941891878843e-05,-1.360760943498462439e-04
7.376546352100000092e+01,-1.487701535224914551e-01,-2.121717482805252075e-02,3.065832376480102539e+00,-1.256043672561645508e+00,1.098719716072082520e+00,-6.454750895500183105e-01,9.941220879554748535e-01,1.550044417381286621e+00,2.528388738632202148e+00,3.637498021125793457e-01,1.960567086935043335e-01,5.810006856918334961e-01,9.999625086784362793e-01,8.659593760967254639e-03,-4.031629941891878843e-05,-1.360760943498462439e-04
7.378130524400000922e+01,-1.504630893468856812e-01,-2.108867093920707703e-02,3.067669868469238281e+00,-1.258382439613342285e+00,1.100150823593139648e+00,-6.485468745231628418e-01,9.963735342025756836e-01,1.549817442893981934e+00,2.529418468475341797e+00,3.616391718387603760e-01,1.970894932746887207e-01,5.806682109832763672e-01,9.999625086784362793e-01,8.659593760967254639e-03,-4.031629941891878843e-05,-1.360760943498462439e-04
7.379735373100000118e+01,-1.521583944559097290e-01,-2.096312120556831360e-02,3.069509744644165039e+00,-1.260703682899475098e+00,1.101651787757873535e+00,-6.517408490180969238e-01,9.985552430152893066e-01,1.549625515937805176e+00,2.530430793762207031e+00,3.595103621482849121e-01,1.981701999902725220e-01,5.803403854370117188e-01,9.999625086784362793e-01,8.659593760967254639e-03,-4.031629941891878843e-05,-1.360760943498462439e-04
7.381328590100000042e+01,-1.521583944559097290e-01,-2.096312120556831360e-02,3.069509744644165039e+00,-1.261785745620727539e+00,1.102437257766723633e+00,-6.533290743827819824e-01,9.997420310974121094e-01,1.549590587615966797e+00,2.530989170074462891e+00,3.573623895645141602e-01,1.992939859628677368e-01,5.800156593322753906e-01,9.999625086784362793e-01,8.659593760967254639e-03,-4.031629941891878843e-05,-1.360760943498462439e-04
7.382926490799999897e+01,-1.538535803556442261e-01,-2.084071375429630280e-02,3.071349382400512695e+00,-1.265189170837402344e+00,1.104636311531066895e+00,-6.582159996032714844e-01,1.003180384635925293e+00,1.549468398094177246e+00,2.532525062561035156e+00,3.551964759826660156e-01,2.004558593034744263e-01,5.796929597854614258e-01,9.999625086784362793e-01,8.659593760967254639e-03,-4.031629941891878843e-05,-1.360760943498462439e-04
7.384523226299999976e+01,-1.554897725582122803e-01,-2.072559483349323273e-02,3.072829723358154297e+00,-1.267493009567260742e+00,1.106032609939575195e+00,-6.614449024200439453e-01,1.005327105522155762e+00,1.549381136894226074e+00,2.533624649047851562e+00,3.530173003673553467e-01,2.016522139310836792e-01,5.793707370758056641e-01,9.999625086784362793e-01,8.659593760967254639e-03,-4.031629941891878843e-05,-1.360760943498462439e-04
7.386129714000000490e+01,-1.571260690689086914e-01,-2.061289921402931213e-02,3.074309825897216797e+00,-1.269535064697265625e+00,1.107498645782470703e+00,-6.646562814712524414e-01,1.007281899452209473e+00,1.549485802650451660e+00,2.534794092178344727e+00,3.508221805095672607e-01,2.028821706771850586e-01,5.790475010871887207e-01,9.999625086784362793e-01,8.659593760967254639e-03,-4.031629941891878843e-05,-1.360760943498462439e-04
7.387724473800000169e+01,-1.585627347230911255e-01,-2.051609009504318237e-02,3.075409650802612305e+00,-1.271350145339965820e+00,1.109086871147155762e+00,-6.678153276443481445e-01,1.009201765060424805e+00,1.549555659294128418e+00,2.535980939865112305e+00,3.486211597919464111e-01,2.041372358798980713e-01,5.787243843078613281e-01,9.999625086784362793e-01,8.659593760967254639e-03,-4.031629941891878843e-05,-1.360760943498462439e-04
7.389329132500000696e+01,-1.585627347230911255e-01,-2.051609009504318237e-02,3.075409650802612305e+00,-1.272955894470214844e+00,1.110465764999389648e+00,-6.709918379783630371e-01,1.011121630668640137e+00,1.549695253372192383e+00,2.537220001220703125e+00,3.464129269123077393e-01,2.054165899753570557e-01,5.784007310867309570e-01,9.999625086784362793e-01,8.659593760967254639e-03,-4.031629941891878843e-05,-1.360760943498462439e-04
7.390932522200000676e+01,-1.599996238946914673e-01,-2.042085304856300354e-02,3.076509714126586914e+00,-1.274334669113159180e+00,1.111809611320495605e+00,-6.741508841514587402e-01,1.012448072433471680e+00,1.549869775772094727e+00,2.538459300994873047e+00,3.442157506942749023e-01,2.067102938890457153e-01,5.780784487724304199e-01,9.999625086784362793e-01,8.659593760967254639e-03,-4.031629941891878843e-05,-1.360760943498462439e-04
7.392531846800000039e+01,-1.614365875720977783e-01,-2.032719925045967102e-02,3.077609777450561523e+00,-1.275696039199829102e+00,1.113170981407165527e+00,-6.773099303245544434e-01,1.014333009719848633e+00,1.550114154815673828e+00,2.539663553237915039e+00,3.420217633247375488e-01,2.080205082893371582e-01,5.777565240859985352e-01,9.999625086784362793e-01,8.659593760967254639e-03,-4.031629941891878843e-05,-1.360760943498462439e-04
7.394126421400000027e+01,-1.628134250640869141e-01,-2.023898437619209290e-02,3.076869964599609375e+00,-1.276778101921081543e+00,1.114602208137512207e+00,-6.805911660194396973e-01,1.016183018684387207e+00,1.550393462181091309e+00,2.541007518768310547e+00,3.398371934890747070e-01,2.093414962291717529e-01,5.774357914924621582e-01,9.999625086784362793e-01,8.659593760967254639e-03,-4.031629941891878843e-05,-1.360760943498462439e-04
7.395737842100000137e+01,-1.641907542943954468e-01,-2.014971524477005005e-02,3.076129913330078125e+00,-1.277755498886108398e+00,1.116103172302246094e+00,-6.839072704315185547e-01,1.017893433570861816e+00,1.550724983215332031e+00,2.542403697967529297e+00,3.376801908016204834e-01,2.106507420539855957e-01,5.771325826644897461e-01,9.999625086784362793e-01,8.659593760967254639e-03,-4.031629941891878843e-05,-1.360760943498462439e-04
7.397323399200000438e+01,-1.641907542943954468e-01,-2.014971524477005005e-02,3.076129913330078125e+00,-1.278453707695007324e+00,1.117691397666931152e+00,-6.871885061264038086e-01,1.019691109657287598e+00,1.551074147224426270e+00,2.543939590454101562e+00,3.355621993541717529e-01,2.119386345148086548e-01,5.768507719039916992e-01,9.999625086784362793e-01,8.659593760967254639e-03,-4.031629941891878843e-05,-1.360760943498462439e-04
7.398932931800000290e+01,-1.655081063508987427e-01,-2.006335556507110596e-02,3.075769901275634766e+00,-1.278959870338439941e+00,1.119122624397277832e+00,-6.904348134994506836e-01,1.021384119987487793e+00,1.551510453224182129e+00,2.545405626296997070e+00,3.334700763225555420e-01,2.132138162851333618e-01,5.765860080718994141e-01,9.999625086784362793e-01,8.659593760967254639e-03,-4.031629941891878843e-05,-1.360760943498462439e-04
7.400527896799999894e+01,-1.668251901865005493e-01,-1.997653581202030182e-02,3.075409889221191406e+00,-1.279308915138244629e+00,1.120675921440124512e+00,-6.935938596725463867e-01,1.022902607917785645e+00,1.551929354667663574e+00,2.546958923339843750e+00,3.314093649387359619e-01,2.144720554351806641e-01,5.763376951217651367e-01,9.999625086784362793e-01,8.659593760967254639e-03,-4.031629941891878843e-05,-1.360760943498462439e-04
7.402126162800000486e+01,-1.681420505046844482e-01,-1.988925412297248840e-02,3.075049877166748047e+00,-1.279343843460083008e+00,1.122211813926696777e+00,-6.966307163238525391e-01,1.024578094482421875e+00,1.552417993545532227e+00,2.548582077026367188e+00,3.293738067150115967e-01,2.157138437032699585e-01,5.761055350303649902e-01,9.999625086784362793e-01,8.659593760967254639e-03,-4.031629941891878843e-05,-1.360760943498462439e-04
7.403726764000001026e+01,-1.693996042013168335e-01,-1.980544812977313995e-02,3.074309587478637695e+00,-1.279256582260131836e+00,1.123712778091430664e+00,-6.997199654579162598e-01,1.026113986968994141e+00,1.552871823310852051e+00,2.550240278244018555e+00,3.273752927780151367e-01,2.169328778982162476e-01,5.758887529373168945e-01,9.999625086784362793e-01,8.659593760967254639e-03,-4.031629941891878843e-05,-1.360760943498462439e-04
7.405323605400000986e+01,-1.693996042013168335e-01,-1.980544812977313995e-02,3.074309587478637695e+00,-1.278855085372924805e+00,1.125248670578002930e+00,-7.028091549873352051e-01,1.027632355690002441e+00,1.553360462188720703e+00,2.551915645599365234e+00,3.253942728042602539e-01,2.181420922279357910e-01,5.756834745407104492e-01,9.999625086784362793e-01,8.659593760967254639e-03,-4.031629941891878843e-05,-1.360760943498462439e-04
7.406925256899999965e+01,-1.706565916538238525e-01,-1.972074806690216064e-02,3.073569774627685547e+00,-1.278261661529541016e+00,1.126854419708251953e+00,-7.060380578041076660e-01,1.029098510742187500e+00,1.553918957710266113e+00,2.553713321685791016e+00,3.234260082244873047e-01,2.193572670221328735e-01,5.754752159118652344e-01,9.999625086784362793e-01,8.659593760967254639e-03,-4.031629941891878843e-05,-1.360760943498462439e-04
7.408533150200000250e+01,-1.718538999557495117e-01,-1.963917724788188934e-02,3.072469711303710938e+00,-1.277546048164367676e+00,1.128512382507324219e+00,-7.094065546989440918e-01,1.030616879463195801e+00,1.554442644119262695e+00,2.555528640747070312e+00,3.214596211910247803e-01,2.205877900123596191e-01,5.752596259117126465e-01,9.999625086784362793e-01,8.659593760967254639e-03,-4.031629941891878843e-05,-1.360760943498462439e-04
7.410131633400000339e+01,-1.730508059263229370e-01,-1.955631189048290253e-02,3.071369886398315430e+00,-1.276743292808532715e+00,1.129978537559509277e+00,-7.126702666282653809e-01,1.031925916671752930e+00,1.554983615875244141e+00,2.557221412658691406e+00,3.195016980171203613e-01,2.218278050422668457e-01,5.750386118888854980e-01,9.999625086784362793e-01,8.659593760967254639e-03,-4.031629941891878843e-05,-1.360760943498462439e-04
7.411734091200000307e+01,-1.742481589317321777e-01,-1.947209239006042480e-02,3.070269584655761719e+00,-1.275783300399780273e+00,1.131531834602355957e+00,-7.159340381622314453e-01,1.033514142036437988e+00,1.555489778518676758e+00,2.558949470520019531e+00,3.175431787967681885e-01,2.230874598026275635e-01,5.748078823089599609e-01,9.999625086784362793e-01,8.659593760967254639e-03,-4.031629941891878843e-05,-1.360760943498462439e-04
7.413328786000001003e+01,-1.742481589317321777e-01,-1.947209239006042480e-02,3.070269584655761719e+00,-1.274718642234802246e+00,1.133172512054443359e+00,-7.191978096961975098e-01,1.035172224044799805e+00,1.555995941162109375e+00,2.560659885406494141e+00,3.155846297740936279e-01,2.243809551000595093e-01,5.745562911033630371e-01,9.999625086784362793e-01,8.659593760967254639e-03,-4.031629941891878843e-05,-1.360760943498462439e-04
7.414934641000000681e+01,-1.755045503377914429e-01,-1.938232965767383575e-02,3.069529771804809570e+00,-1.273531794548034668e+00,1.134813070297241211e+00,-7.223917841911315918e-01,1.036795377731323242e+00,1.556484580039978027e+00,2.562509775161743164e+00,3.136191666126251221e-01,2.257082313299179077e-01,5.742862224578857422e-01,9.999625086784362793e-01,8.659593760967254639e-03,-4.031629941891878843e-05,-1.360760943498462439e-04
7.416527984400001117e+01,-1.767613291740417480e-01,-1.929160580039024353e-02,3.068789720535278320e+00,-1.272030830383300781e+00,1.136383891105651855e+00,-7.255682945251464844e-01,1.038261413574218750e+00,1.557147860527038574e+00,2.564290046691894531e+00,3.116551339626312256e-01,2.270598113536834717e-01,5.740014910697937012e-01,9.999625086784362793e-01,8.659593760967254639e-03,-4.031629941891878843e-05,-1.360760943498462439e-04
7.418133247100000460e+01,-1.780778616666793823e-01,-1.919558830559253693e-02,3.068429708480834961e+00,-1.270425200462341309e+00,1.138129234313964844e+00,-7.287098765373229980e-01,1.039692640304565430e+00,1.557741284370422363e+00,2.566157579421997070e+00,3.096879720687866211e-01,2.284374237060546875e-01,5.737062692642211914e-01,9.999625086784362793e-01,8.659593760967254639e-03,-4.031629941891878843e-05,-1.360760943498462439e-04
7.419725638500000287e+01,-1.793944090604782104e-01,-1.909909397363662720e-02,3.068069696426391602e+00,-1.268662333488464355e+00,1.139857053756713867e+00,-7.319911122322082520e-01,1.041315793991088867e+00,1.558352112770080566e+00,2.568025112152099609e+00,3.077226579189300537e-01,2.298347800970077515e-01,5.734035968780517578e-01,9.999625086784362793e-01,8.659593760967254639e-03,-4.031629941891878843e-05,-1.360760943498462439e-04
7.421327989899999977e+01,-1.793944090604782104e-01,-1.909909397363662720e-02,3.068069696426391602e+00,-1.266864657402038574e+00,1.141532540321350098e+00,-7.353246808052062988e-01,1.042886614799499512e+00,1.558928132057189941e+00,2.569787979125976562e+00,3.057536184787750244e-01,2.312529683113098145e-01,5.730938911437988281e-01,9.999625086784362793e-01,8.659593760967254639e-03,-4.031629941891878843e-05,-1.360760943498462439e-04
7.422929683899999986e+01,-1.807144582271575928e-01,-1.900186575949192047e-02,3.067708730697631836e+00,-1.265014648437500000e+00,1.143190622329711914e+00,-7.385011911392211914e-01,1.044457435607910156e+00,1.559486627578735352e+00,2.571515798568725586e+00,3.037899732589721680e-01,2.326788008213043213e-01,5.727796554565429688e-01,9.999625086784362793e-01,8.659593760967254639e-03,-4.031629941891878843e-05,-1.360760943498462439e-04
7.424527214500000127e+01,-1.820868700742721558e-01,-1.890028081834316254e-02,3.066970825195312500e+00,-1.263164639472961426e+00,1.144901037216186523e+00,-7.416776418685913086e-01,1.045993328094482422e+00,1.560080051422119141e+00,2.573365926742553711e+00,3.018293380737304688e-01,2.341012954711914062e-01,5.724614858627319336e-01,9.999625086784362793e-01,8.659593760967254639e-03,-4.031629941891878843e-05,-1.360760943498462439e-04
7.426123648499999774e+01,-1.834633797407150269e-01,-1.879737339913845062e-02,3.066230773925781250e+00,-1.261192321777343750e+00,1.146489381790161133e+00,-7.447668910026550293e-01,1.047703742980957031e+00,1.560638546943664551e+00,2.575250864028930664e+00,2.998787760734558105e-01,2.355158179998397827e-01,5.721412301063537598e-01,9.999625086784362793e-01,8.659593760967254639e-03,-4.031629941891878843e-05,-1.360760943498462439e-04
7.427724353100001053e+01,-1.849789917469024658e-01,-1.868293620645999908e-02,3.066230773925781250e+00,-1.259220123291015625e+00,1.148060083389282227e+00,-7.479084730148315430e-01,1.049326896667480469e+00,1.561214447021484375e+00,2.577100753784179688e+00,2.979299426078796387e-01,2.369287759065628052e-01,5.718181729316711426e-01,9.999625086784362793e-01,8.659593760967254639e-03,-4.031629941891878843e-05,-1.360760943498462439e-04
7.429330164700000694e+01,-1.849789917469024658e-01,-1.868293620645999908e-02,3.066230773925781250e+00,-1.257055997848510742e+00,1.149648427963256836e+00,-7.509977221488952637e-01,1.050932526588439941e+00,1.561807870864868164e+00,2.579055547714233398e+00,2.960098087787628174e-01,2.383096814155578613e-01,5.715040564537048340e-01,9.999625086784362793e-01,8.659593760967254639e-03,-4.031629941891878843e-05,-1.360760943498462439e-04
7.430925616500000785e+01,-1.864942610263824463e-01,-1.856852509081363678e-02,3.066230773925781250e+00,-1.254734635353088379e+00,1.151201725006103516e+00,-7.541916966438293457e-01,1.052555680274963379e+00,1.562436223030090332e+00,2.581080198287963867e+00,2.941145300865173340e-01,2.396594136953353882e-01,5.711998939514160156e-01,9.999625086784362793e-01,8.659593760967254639e-03,-4.031629941891878843e-05,-1.360760943498462439e-04
7.432524442400000453e+01,-1.880101114511489868e-01,-1.845407113432884216e-02,3.066230773925781250e+00,-1.252413392066955566e+00,1.152772545814514160e+00,-7.574554681777954102e-01,1.054231286048889160e+00,1.563012123107910156e+00,2.583069801330566406e+00,2.922471165657043457e-01,2.409778833389282227e-01,5.709052681922912598e-01,9.999625086784362793e-01,8.659593760967254639e-03,-4.031629941891878843e-05,-1.360760943498462439e-04
7.434135453900000812e+01,-1.896454095840454102e-01,-1.833059825003147125e-02,3.066230773925781250e+00,-1.250179290771484375e+00,1.154378175735473633e+00,-7.607890367507934570e-01,1.056063771247863770e+00,1.563623070716857910e+00,2.585146665573120117e+00,2.904014289379119873e-01,2.422643452882766724e-01,5.706224441528320312e-01,9.999625086784362793e-01,8.659593760967254639e-03,-4.031629941891878843e-05,-1.360760943498462439e-04
7.435724993700000596e+01,-1.912806928157806396e-01,-1.820712536573410034e-02,3.066230773925781250e+00,-1.247788190841674805e+00,1.155896663665771484e+00,-7.641051411628723145e-01,1.057791709899902344e+00,1.564181566238403320e+00,2.587171316146850586e+00,2.885936796665191650e-01,2.434908300638198853e-01,5.703637599945068359e-01,9.999625086784362793e-01,8.659593760967254639e-03,-4.031629941891878843e-05,-1.360760943498462439e-04
7.437333449000000485e+01,-1.912806928157806396e-01,-1.820712536573410034e-02,3.066230773925781250e+00,-1.245379686355590820e+00,1.157362699508666992e+00,-7.673165798187255859e-01,1.059589385986328125e+00,1.564722537994384766e+00,2.589161157608032227e+00,2.868122458457946777e-01,2.446703761816024780e-01,5.701248645782470703e-01,9.999625086784362793e-01,8.659593760967254639e-03,-4.031629941891878843e-05,-1.360760943498462439e-04
7.438932649400000230e+01,-1.929188817739486694e-01,-1.808343455195426941e-02,3.066972017288208008e+00,-1.242814064025878906e+00,1.158881187438964844e+00,-7.705977559089660645e-01,1.061317205429077148e+00,1.565193772315979004e+00,2.591290235519409180e+00,2.850577533245086670e-01,2.458069026470184326e-01,5.699032545089721680e-01,9.999625086784362793e-01,8.659593760967254639e-03,-4.031629941891878843e-05,-1.360760943498462439e-04
7.440530082300000458e+01,-1.945547014474868774e-01,-1.796114258468151093e-02,3.067712068557739258e+00,-1.240370631217956543e+00,1.160329818725585938e+00,-7.737917304039001465e-01,1.063271999359130859e+00,1.565560340881347656e+00,2.593297481536865234e+00,2.833355665206909180e-01,2.468859702348709106e-01,5.697001814842224121e-01,9.999625086784362793e-01,8.659593760967254639e-03,-4.031629941891878843e-05,-1.360760943498462439e-04
7.442126195200000893e+01,-1.961868256330490112e-01,-1.784033887088298798e-02,3.068450689315795898e+00,-1.238119125366210938e+00,1.161778450012207031e+00,-7.768983840942382812e-01,1.065226793289184570e+00,1.565926909446716309e+00,2.595269680023193359e+00,2.816489636898040771e-01,2.479063421487808228e-01,5.695145130157470703e-01,9.999625086784362793e-01,8.659593760967254639e-03,-4.031629941891878843e-05,-1.360760943498462439e-04
7.443728549499999758e+01,-1.979425549507141113e-01,-1.771169342100620270e-02,3.069190740585327148e+00,-1.236007213592529297e+00,1.163314342498779297e+00,-7.800400257110595703e-01,1.067251443862915039e+00,1.566328287124633789e+00,2.597119808197021484e+00,2.799881100654602051e-01,2.488794475793838501e-01,5.693431496620178223e-01,9.999625086784362793e-01,8.659593760967254639e-03,-4.031629941891878843e-05,-1.360760943498462439e-04
7.445329355500000190e+01,-1.979425549507141113e-01,-1.771169342100620270e-02,3.069190740585327148e+00,-1.233947753906250000e+00,1.164832711219787598e+00,-7.832339406013488770e-01,1.069310903549194336e+00,1.566764593124389648e+00,2.598934888839721680e+00,2.783545255661010742e-01,2.498081922531127930e-01,5.691832900047302246e-01,9.999625086784362793e-01,8.659593760967254639e-03,-4.031629941891878843e-05,-1.360760943498462439e-04
7.447038860000000682e+01,-1.996983885765075684e-01,-1.758434437215328217e-02,3.069931030273437500e+00,-1.231801033020019531e+00,1.166298866271972656e+00,-7.865849733352661133e-01,1.071422696113586426e+00,1.567148566246032715e+00,2.600941896438598633e+00,2.767462134361267090e-01,2.506954371929168701e-01,5.690300464630126953e-01,9.999625086784362793e-01,8.659593760967254639e-03,-4.031629941891878843e-05,-1.360760943498462439e-04
7.448535671800000557e+01,-2.014536261558532715e-01,-1.745834574103355408e-02,3.071410655975341797e+00,-1.229584455490112305e+00,1.167747497558593750e+00,-7.898836731910705566e-01,1.073499679565429688e+00,1.567410349845886230e+00,2.602966547012329102e+00,2.751622796058654785e-01,2.515456676483154297e-01,5.688827633857727051e-01,9.999625086784362793e-01,8.659593760967254639e-03,-4.031629941891878843e-05,-1.360760943498462439e-04
7.450133262900000375e+01,-2.032129168510437012e-01,-1.733467169106006622e-02,3.072893857955932617e+00,-1.227385401725769043e+00,1.169230937957763672e+00,-7.930775880813598633e-01,1.075594067573547363e+00,1.567637324333190918e+00,2.605008602142333984e+00,2.735965549945831299e-01,2.523654997348785400e-01,5.687401890754699707e-01,9.999625086784362793e-01,8.659593760967254639e-03,-4.031629941891878843e-05,-1.360760943498462439e-04
7.451732810800000095e+01,-2.049652040004730225e-01,-1.721410267055034637e-02,3.074370861053466797e+00,-1.225256085395812988e+00,1.170714497566223145e+00,-7.962192296981811523e-01,1.077671051025390625e+00,1.567672133445739746e+00,2.607103109359741211e+00,2.720331549644470215e-01,2.531643509864807129e-01,5.685943365097045898e-01,9.999625086784362793e-01,8.659593760967254639e-03,-4.031629941891878843e-05,-1.360760943498462439e-04
7.453324916100000053e+01,-2.049652040004730225e-01,-1.721410267055034637e-02,3.074370861053466797e+00,-1.223161697387695312e+00,1.172110795974731445e+00,-7.993782758712768555e-01,1.080131888389587402e+00,1.567707061767578125e+00,2.609145164489746094e+00,2.704627513885498047e-01,2.539490759372711182e-01,5.684428215026855469e-01,9.999625086784362793e-01,8.659593760967254639e-03,-4.031629941891878843e-05,-1.360760943498462439e-04
7.454925378699999783e+01,-2.067205607891082764e-01,-1.709592528641223907e-02,3.076590061187744141e+00,-1.221189379692077637e+00,1.173524498939514160e+00,-8.025023937225341797e-01,1.082296133041381836e+00,1.567776918411254883e+00,2.611082315444946289e+00,2.688911557197570801e-01,2.547191679477691650e-01,5.682868361473083496e-01,9.999625086784362793e-01,8.659593760967254639e-03,-4.031629941891878843e-05,-1.360760943498462439e-04
7.456533282099999838e+01,-2.084775120019912720e-01,-1.698155701160430908e-02,3.078810691833496094e+00,-1.219287037849426270e+00,1.175095319747924805e+00,-8.056265115737915039e-01,1.084704637527465820e+00,1.567776918411254883e+00,2.613141775131225586e+00,2.673132419586181641e-01,2.554790377616882324e-01,5.681263208389282227e-01,9.999625086784362793e-01,8.659593760967254639e-03,-4.031629941891878843e-05,-1.360760943498462439e-04
7.458128681499999857e+01,-2.102340906858444214e-01,-1.687113195657730103e-02,3.081770896911621094e+00,-1.217681288719177246e+00,1.176666021347045898e+00,-8.088554143905639648e-01,1.087182998657226562e+00,1.567741990089416504e+00,2.615096569061279297e+00,2.657354176044464111e-01,2.562278509140014648e-01,5.679624676704406738e-01,9.999625086784362793e-01,8.659593760967254639e-03,-4.031629941891878843e-05,-1.360760943498462439e-04
7.459724813500000096e+01,-2.119908034801483154e-01,-1.676591672003269196e-02,3.084730625152587891e+00,-1.216180324554443359e+00,1.178044915199279785e+00,-8.121191263198852539e-01,1.089853405952453613e+00,1.567794322967529297e+00,2.617033958435058594e+00,2.641529738903045654e-01,2.569689750671386719e-01,5.677950382232666016e-01,9.999625086784362793e-01,8.659593760967254639e-03,-4.031629941891878843e-05,-1.360760943498462439e-04
7.461327982600001008e+01,-2.119908034801483154e-01,-1.676591672003269196e-02,3.084730625152587891e+00,-1.214888811111450195e+00,1.179441094398498535e+00,-8.154352903366088867e-01,1.092366695404052734e+00,1.567794322967529297e+00,2.618866443634033203e+00,2.625707983970642090e-01,2.577009201049804688e-01,5.676248669624328613e-01,9.999625086784362793e-01,8.659593760967254639e-03,-4.031629941891878843e-05,-1.360760943498462439e-04
7.462934659500000123e+01,-2.137473970651626587e-01,-1.666592434048652649e-02,3.087689638137817383e+00,-1.213771820068359375e+00,1.180976986885070801e+00,-8.186990618705749512e-01,1.095036983489990234e+00,1.567741990089416504e+00,2.620716571807861328e+00,2.609844505786895752e-01,2.584279775619506836e-01,5.674484372138977051e-01,9.999625086784362793e-01,8.659593760967254639e-03,-4.031629941891878843e-05,-1.360760943498462439e-04
7.464523291100000790e+01,-2.156453877687454224e-01,-1.656351797282695770e-02,3.091391086578369141e+00,-1.212846755981445312e+00,1.182425618171691895e+00,-8.219279050827026367e-01,1.097742319107055664e+00,1.567707061767578125e+00,2.622514247894287109e+00,2.594031989574432373e-01,2.591466009616851807e-01,5.672665238380432129e-01,9.999625086784362793e-01,8.659593760967254639e-03,-4.031629941891878843e-05,-1.360760943498462439e-04
7.466137028200000714e+01,-2.175422757863998413e-01,-1.646821200847625732e-02,3.095089673995971680e+00,-1.211991548538208008e+00,1.183874249458312988e+00,-8.251044154167175293e-01,1.100412607192993164e+00,1.567602396011352539e+00,2.624277114868164062e+00,2.578172683715820312e-01,2.598617076873779297e-01,5.670786499977111816e-01,9.999625086784362793e-01,8.659593760967254639e-03,-4.031629941891878843e-05,-1.360760943498462439e-04
7.467731433500000549e+01,-2.194405943155288696e-01,-1.637987047433853149e-02,3.098790407180786133e+00,-1.211153745651245117e+00,1.185235619544982910e+00,-8.281936645507812500e-01,1.102594256401062012e+00,1.567550063133239746e+00,2.626022338867187500e+00,2.562333345413208008e-01,2.605679929256439209e-01,5.668860077857971191e-01,9.999625086784362793e-01,8.659593760967254639e-03,-4.031629941891878843e-05,-1.360760943498462439e-04
7.469331326800001136e+01,-2.194405943155288696e-01,-1.637987047433853149e-02,3.098790407180786133e+00,-1.210455656051635742e+00,1.186631917953491211e+00,-8.313527107238769531e-01,1.104915618896484375e+00,1.567445278167724609e+00,2.627820014953613281e+00,2.546410858631134033e-01,2.612632215023040771e-01,5.666872262954711914e-01,9.999625086784362793e-01,8.659593760967254639e-03,-4.031629941891878843e-05,-1.360760943498462439e-04
7.470928270500000679e+01,-2.213384360074996948e-01,-1.629859022796154022e-02,3.102489709854125977e+00,-1.210089087486267090e+00,1.187364935874938965e+00,-8.328885436058044434e-01,1.106032609939575195e+00,1.567375540733337402e+00,2.628710269927978516e+00,2.530476450920104980e-01,2.619463503360748291e-01,5.664838552474975586e-01,9.999625086784362793e-01,8.659593760967254639e-03,-4.031629941891878843e-05,-1.360760943498462439e-04
7.472533479599999851e+01,-2.232370525598526001e-01,-1.622430980205535889e-02,3.106189727783203125e+00,-1.209635376930236816e+00,1.189511656761169434e+00,-8.376708030700683594e-01,1.109732747077941895e+00,1.567131161689758301e+00,2.631223440170288086e+00,2.514482140541076660e-01,2.626204788684844971e-01,5.662757754325866699e-01,9.999625086784362793e-01,8.659593760967254639e-03,-4.031629941891878843e-05,-1.360760943498462439e-04
7.474131098800000927e+01,-2.249960303306579590e-01,-1.616201177239418030e-02,3.109889984130859375e+00,-1.209373593330383301e+00,1.191012740135192871e+00,-8.409171104431152344e-01,1.112455368041992188e+00,1.566886782646179199e+00,2.632986307144165039e+00,2.498490810394287109e-01,2.632845044136047363e-01,5.660620331764221191e-01,9.999625086784362793e-01,8.659593760967254639e-03,-4.031629941891878843e-05,-1.360760943498462439e-04
7.475820912200001089e+01,-2.267555445432662964e-01,-1.610621064901351929e-02,3.113590717315673828e+00,-1.209478259086608887e+00,1.192391514778137207e+00,-8.440412282943725586e-01,1.115230441093444824e+00,1.566677331924438477e+00,2.634592056274414062e+00,2.482470124959945679e-01,2.639409005641937256e-01,5.658421516418457031e-01,9.999625086784362793e-01,8.659593760967254639e-03,-4.031629941891878843e-05,-1.360760943498462439e-04
7.477326499000000126e+01,-2.267555445432662964e-01,-1.610621064901351929e-02,3.113590717315673828e+00,-1.209617853164672852e+00,1.193700432777404785e+00,-8.472177386283874512e-01,1.118023037910461426e+00,1.566380620002746582e+00,2.636180162429809570e+00,2.466448694467544556e-01,2.645893394947052002e-01,5.656170248985290527e-01,9.999625086784362793e-01,8.659593760967254639e-03,-4.031629941891878843e-05,-1.360760943498462439e-04
7.478928694800001153e+01,-2.284553349018096924e-01,-1.605860143899917603e-02,3.117671966552734375e+00,-1.209792375564575195e+00,1.194904804229736328e+00,-8.503069877624511719e-01,1.120745778083801270e+00,1.566188693046569824e+00,2.637646198272705078e+00,2.450382858514785767e-01,2.652344405651092529e-01,5.653862357139587402e-01,9.999625086784362793e-01,8.659593760967254639e-03,-4.031629941891878843e-05,-1.360760943498462439e-04
7.480523247800000775e+01,-2.301541566848754883e-01,-1.601795665919780731e-02,3.121750354766845703e+00,-1.209984421730041504e+00,1.196248650550842285e+00,-8.533961772918701172e-01,1.123224139213562012e+00,1.565926909446716309e+00,2.639269351959228516e+00,2.434313297271728516e-01,2.658796608448028564e-01,5.651494264602661133e-01,9.999625086784362793e-01,8.659593760967254639e-03,-4.031629941891878843e-05,-1.360760943498462439e-04
7.482125301500001058e+01,-2.318537533283233643e-01,-1.598422788083553314e-02,3.125830173492431641e+00,-1.210368394851684570e+00,1.197592616081237793e+00,-8.565203547477722168e-01,1.125737309455871582e+00,1.565752267837524414e+00,2.640927553176879883e+00,2.418193370103836060e-01,2.665265798568725586e-01,5.649066567420959473e-01,9.999625086784362793e-01,8.659593760967254639e-03,-4.031629941891878843e-05,-1.360760943498462439e-04
7.483727419200000952e+01,-2.334938049316406250e-01,-1.595837436616420746e-02,3.129530668258666992e+00,-1.210961818695068359e+00,1.198971390724182129e+00,-8.597142696380615234e-01,1.128337860107421875e+00,1.565490484237670898e+00,2.642585515975952148e+00,2.402063906192779541e-01,2.671732306480407715e-01,5.646591186523437500e-01,9.999625086784362793e-01,8.659593760967254639e-03,-4.031629941891878843e-05,-1.360760943498462439e-04
7.485328660700000114e+01,-2.334938049316406250e-01,-1.595837436616420746e-02,3.129530668258666992e+00,-1.211433053016662598e+00,1.200489878654479980e+00,-8.629780411720275879e-01,1.130990862846374512e+00,1.565263628959655762e+00,2.644191265106201172e+00,2.385728508234024048e-01,2.678292393684387207e-01,5.644022822380065918e-01,9.999625086784362793e-01,8.659593760967254639e-03,-4.031629941891878843e-05,-1.360760943498462439e-04
7.486926406199999917e+01,-2.351333498954772949e-01,-1.593859679996967316e-02,3.133229970932006836e+00,-1.212078809738159180e+00,1.201903581619262695e+00,-8.663116097450256348e-01,1.133486628532409668e+00,1.565054178237915039e+00,2.645866870880126953e+00,2.369208037853240967e-01,2.684943377971649170e-01,5.641365051269531250e-01,9.999625086784362793e-01,8.659593760967254639e-03,-4.031629941891878843e-05,-1.360760943498462439e-04
7.488526851200001033e+01,-2.367134392261505127e-01,-1.592538319528102875e-02,3.136570215225219727e+00,-1.212846755981445312e+00,1.203247427940368652e+00,-8.695230484008789062e-01,1.135738134384155273e+00,1.564827322959899902e+00,2.647472381591796875e+00,2.352484911680221558e-01,2.691685557365417480e-01,5.638622045516967773e-01,9.999625086784362793e-01,8.659593760967254639e-03,-4.031629941891878843e-05,-1.360760943498462439e-04
7.490125473500000908e+01,-2.382930815219879150e-01,-1.591745018959045410e-02,3.139909505844116211e+00,-1.213893890380859375e+00,1.204573869705200195e+00,-8.727693557739257812e-01,1.138164162635803223e+00,1.564600348472595215e+00,2.649060726165771484e+00,2.335603982210159302e-01,2.698511481285095215e-01,5.635796785354614258e-01,9.999625086784362793e-01,8.659593760967254639e-03,-4.031629941891878843e-05,-1.360760943498462439e-04
7.491726263700000743e+01,-2.398736178874969482e-01,-1.591478846967220306e-02,-3.139934778213500977e+00,-1.214801549911499023e+00,1.205882906913757324e+00,-8.759109377861022949e-01,1.140642523765563965e+00,1.564321160316467285e+00,2.650631427764892578e+00,2.318413704633712769e-01,2.705513238906860352e-01,5.632842183113098145e-01,9.999625086784362793e-01,8.659593760967254639e-03,-4.031629941891878843e-05,-1.360760943498462439e-04
7.493333803100000523e+01,-2.398736178874969482e-01,-1.591478846967220306e-02,-3.139934778213500977e+00,-1.216005802154541016e+00,1.207226753234863281e+00,-8.790874481201171875e-01,1.143382668495178223e+00,1.564146637916564941e+00,2.652254581451416016e+00,2.300991266965866089e-01,2.712649106979370117e-01,5.629780888557434082e-01,9.999625086784362793e-01,8.659593760967254639e-03,-4.031629941891878843e-05,-1.360760943498462439e-04
7.494928620100000671e+01,-2.414533346891403198e-01,-1.591740734875202179e-02,-3.136595249176025391e+00,-1.217035531997680664e+00,1.208553194999694824e+00,-8.822290301322937012e-01,1.146105408668518066e+00,1.563849925994873047e+00,2.653808116912841797e+00,2.283347398042678833e-01,2.719912827014923096e-01,5.626621246337890625e-01,9.999625086784362793e-01,8.659593760967254639e-03,-4.031629941891878843e-05,-1.360760943498462439e-04
7.496525939300001085e+01,-2.430332303047180176e-01,-1.592530310153961182e-02,-3.133255481719970703e+00,-1.218222379684448242e+00,1.209932088851928711e+00,-8.853880763053894043e-01,1.148688435554504395e+00,1.563675403594970703e+00,2.655361413955688477e+00,2.265464663505554199e-01,2.727335989475250244e-01,5.623356699943542480e-01,9.999625086784362793e-01,8.659593760967254639e-03,-4.031629941891878843e-05,-1.360760943498462439e-04
7.498136328400001105e+01,-2.446134835481643677e-01,-1.593847945332527161e-02,-3.129914760589599609e+00,-1.219374299049377441e+00,1.211398124694824219e+00,-8.886693120002746582e-01,1.151463508605957031e+00,1.563465952873229980e+00,2.656932115554809570e+00,2.247297018766403198e-01,2.734939157962799072e-01,5.619982481002807617e-01,9.999625086784362793e-01,8.659593760967254639e-03,-4.031629941891878843e-05,-1.360760943498462439e-04
7.499729903100001138e+01,-2.461935132741928101e-01,-1.595693081617355347e-02,-3.126574516296386719e+00,-1.220438957214355469e+00,1.212776899337768555e+00,-8.918458223342895508e-01,1.153906941413879395e+00,1.563273906707763672e+00,2.658415794372558594e+00,2.228951305150985718e-01,2.742669582366943359e-01,5.616523623466491699e-01,9.999625086784362793e-01,8.659593760967254639e-03,-4.031629941891878843e-05,-1.360760943498462439e-04
7.501330823900001121e+01,-2.461935132741928101e-01,-1.595693081617355347e-02,-3.126574516296386719e+00,-1.221102118492126465e+00,1.214417576789855957e+00,-8.949874043464660645e-01,1.155861735343933105e+00,1.562715411186218262e+00,2.659393072128295898e+00,2.210341244935989380e-01,2.750575542449951172e-01,5.612956285476684570e-01,9.999625086784362793e-01,8.659593760967254639e-03,-4.031629941891878843e-05,-1.360760943498462439e-04
7.502929337100000851e+01,-2.478166818618774414e-01,-1.598130911588668823e-02,-3.123142957687377930e+00,-1.221014857292175293e+00,1.216284990310668945e+00,-8.981115221977233887e-01,1.156874060630798340e+00,1.561912655830383301e+00,2.659602642059326172e+00,2.191386669874191284e-01,2.758745551109313965e-01,5.609232783317565918e-01,9.999625086784362793e-01,8.659593760967254639e-03,-4.031629941891878843e-05,-1.360760943498462439e-04
7.504537986400001159e+01,-2.492168247699737549e-01,-1.600714586675167084e-02,-3.120614290237426758e+00,-1.220491290092468262e+00,1.218449234962463379e+00,-9.012880325317382812e-01,1.157083511352539062e+00,1.561790466308593750e+00,2.659271001815795898e+00,2.172081619501113892e-01,2.767151892185211182e-01,5.605365633964538574e-01,9.999625086784362793e-01,8.659593760967254639e-03,-4.031629941891878843e-05,-1.360760943498462439e-04
7.506128230699999904e+01,-2.506566047668457031e-01,-1.603735424578189850e-02,-3.118014335632324219e+00,-1.219461560249328613e+00,1.220718145370483398e+00,-9.044296145439147949e-01,1.156786799430847168e+00,1.562121987342834473e+00,2.658503055572509766e+00,2.152524888515472412e-01,2.775727808475494385e-01,5.601388216018676758e-01,9.999625086784362793e-01,8.659593760967254639e-03,-4.031629941891878843e-05,-1.360760943498462439e-04
7.507728248300000473e+01,-2.519760727882385254e-01,-1.606846973299980164e-02,-3.115414619445800781e+00,-1.218047857284545898e+00,1.223179101943969727e+00,-9.076410531997680664e-01,1.156018853187561035e+00,1.562924861907958984e+00,2.657298803329467773e+00,2.132633030414581299e-01,2.784566581249237061e-01,5.597290992736816406e-01,9.999625086784362793e-01,8.659593760967254639e-03,-4.031629941891878843e-05,-1.360760943498462439e-04
7.509327145500000711e+01,-2.519760727882385254e-01,-1.606846973299980164e-02,-3.115414619445800781e+00,-1.216302514076232910e+00,1.225762128829956055e+00,-9.108698964118957520e-01,1.154866933822631836e+00,1.564198970794677734e+00,2.655727863311767578e+00,2.112493664026260376e-01,2.793615162372589111e-01,5.593104958534240723e-01,9.999625086784362793e-01,8.659593760967254639e-03,-4.031629941891878843e-05,-1.360760943498462439e-04
7.510926846000000978e+01,-2.532953917980194092e-01,-1.610301621258258820e-02,-3.112814903259277344e+00,-1.214243054389953613e+00,1.228432536125183105e+00,-9.142557978630065918e-01,1.153208851814270020e+00,1.565822124481201172e+00,2.653808116912841797e+00,2.092078030109405518e-01,2.802853584289550781e-01,5.588840842247009277e-01,9.999625086784362793e-01,8.659593760967254639e-03,-4.031629941891878843e-05,-1.360760943498462439e-04
7.512525334300001134e+01,-2.546150684356689453e-01,-1.614100299775600433e-02,-3.110214471817016602e+00,-1.212026476860046387e+00,1.231172680854797363e+00,-9.176592230796813965e-01,1.151166796684265137e+00,1.567637324333190918e+00,2.651626348495483398e+00,2.071544229984283447e-01,2.812180817127227783e-01,5.584534406661987305e-01,9.999625086784362793e-01,8.659593760967254639e-03,-4.031629941891878843e-05,-1.360760943498462439e-04
7.514138335500000210e+01,-2.552946209907531738e-01,-1.616233401000499725e-02,-3.107614994049072266e+00,-1.209617853164672852e+00,1.234069943428039551e+00,-9.209404587745666504e-01,1.148985147476196289e+00,1.569749116897583008e+00,2.649287700653076172e+00,2.051108032464981079e-01,2.821489870548248291e-01,5.580210089683532715e-01,9.999625086784362793e-01,8.659593760967254639e-03,-4.031629941891878843e-05,-1.360760943498462439e-04
7.515732275900001014e+01,-2.559744417667388916e-01,-1.618544012308120728e-02,-3.105014085769653320e+00,-1.207191824913024902e+00,1.236984610557556152e+00,-9.240995049476623535e-01,1.146628975868225098e+00,1.572052955627441406e+00,2.646704435348510742e+00,2.030817121267318726e-01,2.830730974674224854e-01,5.575897693634033203e-01,9.999625086784362793e-01,8.659593760967254639e-03,-4.031629941891878843e-05,-1.360760943498462439e-04
7.517327361300000632e+01,-2.559744417667388916e-01,-1.618544012308120728e-02,-3.105014085769653320e+00,-1.204608798027038574e+00,1.239916801452636719e+00,-9.273108839988708496e-01,1.144080758094787598e+00,1.574548840522766113e+00,2.643999338150024414e+00,2.010558396577835083e-01,2.839929163455963135e-01,5.571590662002563477e-01,9.999625086784362793e-01,8.659593760967254639e-03,-4.031629941891878843e-05,-1.360760943498462439e-04
7.518926975099999765e+01,-2.554148733615875244e-01,-1.616496220231056213e-02,-3.100194692611694336e+00,-1.201816320419311523e+00,1.242971181869506836e+00,-9.304699301719665527e-01,1.141375541687011719e+00,1.577219128608703613e+00,2.641311407089233398e+00,1.990774869918823242e-01,2.848817408084869385e-01,5.567378401756286621e-01,9.999625086784362793e-01,8.659593760967254639e-03,-4.031629941891878843e-05,-1.360760943498462439e-04
7.520522191500000986e+01,-2.548554241657257080e-01,-1.614179089665412903e-02,-3.095375299453735352e+00,-1.198936462402343750e+00,1.245973110198974609e+00,-9.335940480232238770e-01,1.138705134391784668e+00,1.580029129981994629e+00,2.638536453247070312e+00,1.971456110477447510e-01,2.857369482517242432e-01,5.563266873359680176e-01,9.999625086784362793e-01,8.659593760967254639e-03,-4.031629941891878843e-05,-1.360760943498462439e-04
7.522127278600000011e+01,-2.542960047721862793e-01,-1.611591689288616180e-02,-3.090555191040039062e+00,-1.195934534072875977e+00,1.249062299728393555e+00,-9.367880225181579590e-01,1.135930061340332031e+00,1.583013653755187988e+00,2.635743856430053711e+00,1.952572613954544067e-01,2.865591943264007568e-01,5.559263229370117188e-01,9.999625086784362793e-01,8.659593760967254639e-03,-4.031629941891878843e-05,-1.360760943498462439e-04
7.523724348200001089e+01,-2.522183358669281006e-01,-1.600978523492813110e-02,-3.082013607025146484e+00,-1.192950010299682617e+00,1.252169013023376465e+00,-9.399296045303344727e-01,1.133277177810668945e+00,1.586033105850219727e+00,2.632829189300537109e+00,1.934078484773635864e-01,2.873471677303314209e-01,5.555367469787597656e-01,9.999625086784362793e-01,8.659593760967254639e-03,-4.031629941891878843e-05,-1.360760943498462439e-04
7.525328360500000713e+01,-2.522183358669281006e-01,-1.600978523492813110e-02,-3.082013607025146484e+00,-1.190035343170166016e+00,1.255432724952697754e+00,-9.430711865425109863e-01,1.130432248115539551e+00,1.589052438735961914e+00,2.629897117614746094e+00,1.916214823722839355e-01,2.880816757678985596e-01,5.551632642745971680e-01,9.999625086784362793e-01,8.659593760967254639e-03,-4.031629941891878843e-05,-1.360760943498462439e-04
7.526929925299999979e+01,-2.501426637172698975e-01,-1.588597334921360016e-02,-3.073476314544677734e+00,-1.186980962753295898e+00,1.258748888969421387e+00,-9.461081027984619141e-01,1.127377986907958984e+00,1.591949701309204102e+00,2.626982212066650391e+00,1.898801028728485107e-01,2.887719571590423584e-01,5.548027753829956055e-01,9.999625086784362793e-01,8.659593760967254639e-03,-4.031629941891878843e-05,-1.360760943498462439e-04
7.528527710500000580e+01,-2.478672415018081665e-01,-1.573074050247669220e-02,-3.067534446716308594e+00,-1.183856844902038574e+00,1.262222170829772949e+00,-9.491798877716064453e-01,1.124166607856750488e+00,1.595056414604187012e+00,2.623893022537231445e+00,1.881826817989349365e-01,2.894190549850463867e-01,5.544556975364685059e-01,9.999625086784362793e-01,8.659593760967254639e-03,-4.031629941891878843e-05,-1.360760943498462439e-04
7.530132669099999987e+01,-2.455941736698150635e-01,-1.556209102272987366e-02,-3.061596155166625977e+00,-1.180854916572570801e+00,1.265677809715270996e+00,-9.522690773010253906e-01,1.121129751205444336e+00,1.598163127899169922e+00,2.620716571807861328e+00,1.865300238132476807e-01,2.900109589099884033e-01,5.541303753852844238e-01,9.999625086784362793e-01,8.659593760967254639e-03,-4.031629941891878843e-05,-1.360760943498462439e-04
7.531723509000001116e+01,-2.433207482099533081e-01,-1.537983678281307220e-02,-3.055654287338256836e+00,-1.177870392799377441e+00,1.268976569175720215e+00,-9.553757905960083008e-01,1.118040442466735840e+00,1.601269721984863281e+00,2.617522716522216797e+00,1.849267333745956421e-01,2.905454933643341064e-01,5.538291931152343750e-01,9.999625086784362793e-01,8.659593760967254639e-03,-4.031629941891878843e-05,-1.360760943498462439e-04
7.533330505500001095e+01,-2.433207482099533081e-01,-1.537983678281307220e-02,-3.055654287338256836e+00,-1.174781084060668945e+00,1.271908640861511230e+00,-9.585871696472167969e-01,1.114898920059204102e+00,1.604254245758056641e+00,2.614293813705444336e+00,1.833579689264297485e-01,2.910311818122863770e-01,5.535481572151184082e-01,9.999625086784362793e-01,8.659593760967254639e-03,-4.031629941891878843e-05,-1.360760943498462439e-04
7.534931327500000009e+01,-2.414277642965316772e-01,-1.521675568073987961e-02,-3.050454378128051758e+00,-1.171552300453186035e+00,1.274840831756591797e+00,-9.619731307029724121e-01,1.111792206764221191e+00,1.607291102409362793e+00,2.611030101776123047e+00,1.818288117647171021e-01,2.914660573005676270e-01,5.532894730567932129e-01,9.999625086784362793e-01,8.659593760967254639e-03,-4.031629941891878843e-05,-1.360760943498462439e-04
7.536537281100000030e+01,-2.395358085632324219e-01,-1.504384633153676987e-02,-3.045254707336425781e+00,-1.168428063392639160e+00,1.277738094329833984e+00,-9.652892351150512695e-01,1.108702898025512695e+00,1.610310554504394531e+00,2.607888460159301758e+00,1.803408414125442505e-01,2.918404936790466309e-01,5.530588030815124512e-01,9.999625086784362793e-01,8.659593760967254639e-03,-4.031629941891878843e-05,-1.360760943498462439e-04
7.538124560200000701e+01,-2.375847995281219482e-01,-1.485530659556388855e-02,-3.040434598922729492e+00,-1.165251612663269043e+00,1.280652761459350586e+00,-9.685879349708557129e-01,1.105613708496093750e+00,1.613452196121215820e+00,2.604781627655029297e+00,1.788943707942962646e-01,2.921603322029113770e-01,5.528536438941955566e-01,9.999625086784362793e-01,8.659593760967254639e-03,-4.031629941891878843e-05,-1.360760943498462439e-04
7.539733974100001035e+01,-2.356348037719726562e-01,-1.465737260878086090e-02,-3.035614490509033203e+00,-1.162144899368286133e+00,1.283672213554382324e+00,-9.718517065048217773e-01,1.102786302566528320e+00,1.616471648216247559e+00,2.601744890213012695e+00,1.774765104055404663e-01,2.924335896968841553e-01,5.526701807975769043e-01,9.999625086784362793e-01,8.659593760967254639e-03,-4.031629941891878843e-05,-1.360760943498462439e-04
7.541327169800000263e+01,-2.356348037719726562e-01,-1.465737260878086090e-02,-3.035614490509033203e+00,-1.159090638160705566e+00,1.286796331405639648e+00,-9.750805497169494629e-01,1.099609732627868652e+00,1.619525909423828125e+00,2.598638057708740234e+00,1.760932207107543945e-01,2.926263213157653809e-01,5.525369048118591309e-01,9.999625086784362793e-01,8.659593760967254639e-03,-4.031629941891878843e-05,-1.360760943498462439e-04
7.542933357600000477e+01,-2.336859703063964844e-01,-1.445006299763917923e-02,-3.030794858932495117e+00,-1.156053781509399414e+00,1.289903044700622559e+00,-9.782221317291259766e-01,1.096572875976562500e+00,1.622562766075134277e+00,2.595461606979370117e+00,1.747355759143829346e-01,2.927379608154296875e-01,5.524560809135437012e-01,9.999625086784362793e-01,8.659593760967254639e-03,-4.031629941891878843e-05,-1.360760943498462439e-04
7.544532003800000552e+01,-2.314198911190032959e-01,-1.419795490801334381e-02,-3.026354789733886719e+00,-1.153016805648803711e+00,1.292974829673767090e+00,-9.813462495803833008e-01,1.093501091003417969e+00,1.625669479370117188e+00,2.592337608337402344e+00,1.734061241149902344e-01,2.927786409854888916e-01,5.524205565452575684e-01,9.999625086784362793e-01,8.659593760967254639e-03,-4.031629941891878843e-05,-1.360760943498462439e-04
7.546131337500000313e+01,-2.291548699140548706e-01,-1.393577549606561661e-02,-3.021914482116699219e+00,-1.149892687797546387e+00,1.296203732490539551e+00,-9.844878911972045898e-01,1.090464234352111816e+00,1.628880858421325684e+00,2.589143514633178711e+00,1.721137315034866333e-01,2.927632629871368408e-01,5.524206161499023438e-01,9.999625086784362793e-01,8.659593760967254639e-03,-4.031629941891878843e-05,-1.360760943498462439e-04
7.547728479700001003e+01,-2.267129123210906982e-01,-1.364212390035390854e-02,-3.017835378646850586e+00,-1.146855831146240234e+00,1.299310326576232910e+00,-9.875422120094299316e-01,1.087409973144531250e+00,1.631987571716308594e+00,2.585984468460083008e+00,1.709101349115371704e-01,2.927151620388031006e-01,5.524417161941528320e-01,9.999625086784362793e-01,8.659593760967254639e-03,-4.031629941891878843e-05,-1.360760943498462439e-04
