time,yaw,solve_ms,v,w,qdot1,qdot2,qdot3,qdot4,qdot5,qdot6
72.005346023000001,2.9112303256988525,45.985388,0.11543907100798867,-0.14135408482634659,-0.34558634629592433,-0.14341257700206,-0.31702307281010711,0.10667600059383364,-0.17090647567530226,0.091528219320130333
72.021288366000007,2.9160504341125488,11.38226,0.09807040455769736,-0.26850666502951093,-0.39154601017581703,-0.23301423044668468,-0.47082412617898761,0.12645980382827737,-0.34121710574533282,0.23622777642380122
72.037322501000006,2.9204909801483154,11.247389999999999,0.095653521357416157,-0.27353002051144149,-0.47342627228805001,-0.25828128043194631,-0.49801063526604672,0.10542430350009369,-0.34567037889451058,0.21169589493325347
72.053237988000006,2.9204909801483154,11.501355999999999,0.090471552698475857,-0.25257908032206977,-0.43856093097620497,-0.2491796232058423,-0.47646199334712991,0.066265713809720239,-0.31137081850614479,0.19928731708858649
72.069305244000006,2.9249320030212402,10.736065,0.087158907290834392,-0.26796261713691294,-0.43890715616490061,-0.24996694335208502,-0.42480772673775641,0.073061058626546327,-0.32175133928284794,0.19130218436363222
72.085341206999999,2.9290120601654053,10.954546000000001,0.086789347910801007,-0.27866143405423305,-0.45026720823378619,-0.25187832812554412,-0.41682175110947106,0.085319220703919285,-0.33013467782854455,0.18444092500625331
72.101318681000009,2.9330911636352539,11.421294,0.086766935335995332,-0.2892502498004994,-0.46016573944402533,-0.25596536703665862,-0.41777257361099884,0.094667283610654351,-0.33927997185930359,0.17759201009986469
72.117272931000002,2.9371716976165771,10.574655999999999,0.086692701459934352,-0.29879960475772727,-0.47790085940278826,-0.26060762652079639,-0.41808305693224934,0.1053204069020417,-0.34831717581561428,0.17154505177744106
72.133237351000005,2.9371716976165771,11.252719000000001,0.087282587353805605,-0.29030766371478567,-0.49396183649541675,-0.2485352951226254,-0.42191629158540206,0.054315607656769238,-0.34057884325185661,0.157559585077232
72.149270074,2.9401311874389648,11.526365,0.08718896863245594,-0.30397045301605452,-0.49801339452623733,-0.25962124439452694,-0.42251912118432994,0.072511789604771337,-0.35334722261528739,0.15843016730380022
72.165262154000004,2.9430911540985107,10.686149,0.087138917249853107,-0.30876182887744852,-0.49801410027044363,-0.2514209460068475,-0.42225993010483964,0.079430774545694582,-0.35524052199375866,0.15103671480619596
72.181278790000007,2.9460515975952148,10.802292,0.087085414192438287,-0.31795061452868412,-0.49801532000202764,-0.25347145004247018,-0.4227155951301147,0.084483387788552022,-0.36328297241901186,0.15162020213339922
72.197273453000008,2.9490118026733398,10.875705,0.087111239772888316,-0.32203695248631936,-0.49801561526693738,-0.25405421010404616,-0.42304497962309917,0.089061297306807674,-0.36640991192976724,0.14474002176859457
72.213336104000007,2.9490118026733398,10.785299999999999,0.087855646701733486,-0.31122918724854065,-0.49801355170221184,-0.25025997474725692,-0.42734454007201833,0.027600862119868452,-0.35524595325514952,0.12240640500161071
72.229350910000008,2.9519708156585693,10.725324000000001,0.087862316770042748,-0.30650599641770393,-0.4980135962055946,-0.24131152005291234,-0.42740842552320529,0.026928983327157319,-0.34637589576440142,0.11305326086996992
72.245302002000003,2.9545714855194092,10.804611,0.087898034631232108,-0.31050107211183597,-0.49801421150286368,-0.24061547954742402,-0.42792815091565051,0.031471898262872777,-0.34823544962175745,0.11319046602097416
72.261269030999998,2.9571707248687744,10.461489,0.0879725371591418,-0.31233404980936941,-0.49801424213836937,-0.24082757772773355,-0.42855187018169405,0.029911833167563628,-0.34836906456083661,0.10822105047141051
72.277303928000009,2.958651065826416,10.575157000000001,0.088140893695361738,-0.30684231770327575,-0.4980133093252575,-0.24242244056760853,-0.42954640611789036,0.022998306420051406,-0.33993301709869073,0.092793734886887691
72.293249169000006,2.958651065826416,11.328208,0.088717276936393988,-0.29142438026372464,-0.49801189147551428,-0.22999050385035602,-0.43313148337542878,-0.051704668278386379,-0.32058595913706789,0.080827249836666226
72.309439349000002,2.9601311683654785,10.992834,0.088825586618408545,-0.28612287768631539,-0.49625233082362658,-0.23302290607277776,-0.43411855980009939,-0.05771058502571158,-0.31284425423287843,0.073990498734865184
72.325321170000009,2.9616110324859619,10.943519,0.08893279560944789,-0.28164902785298995,-0.48699722659990297,-0.23588620813995043,-0.43501527454604844,-0.063280245041966054,-0.30548640118904657,0.068866379595251104
72.341241681,2.9623510837554932,10.742232,0.089060431475890267,-0.27413197408294288,-0.47442493861552282,-0.2378225804553491,-0.43601837184855619,-0.075608537425207345,-0.29386785238909141,0.062714307229819966
72.357267651000001,2.9630911350250244,10.925062,0.089197502173607807,-0.26547318578522372,-0.45567823960924769,-0.23659077393105399,-0.43697195040873693,-0.090183386120211928,-0.28063725019536179,0.057224932400099959
72.373231206,2.9630911350250244,10.813084999999999,0.089685324134781974,-0.2473850870214136,-0.43070355820762563,-0.22398502262645437,-0.44013490852600662,-0.15491199738746708,-0.2589100179117203,0.057287373070520786
72.389322319000001,2.9630911350250244,11.198499,0.089836973435348064,-0.23116003240597927,-0.40625991999993305,-0.21953130839078661,-0.44104377310753901,-0.16428875412708166,-0.23755906646160341,0.051071372860235442
72.405335485999998,2.9630911350250244,10.490731,0.08996809931603969,-0.21228573100921544,-0.38540606423214463,-0.21458535051301908,-0.44183419775656241,-0.17219279714861546,-0.21359484213942892,0.046509164144596937
72.421238461000002,2.9630911350250244,11.09465,0.090110149916763319,-0.19091585055821092,-0.36528865707353653,-0.21132326838855242,-0.44274129271401302,-0.18268544399700026,-0.1874114774352158,0.043098579024880124
72.437309331999998,2.9619910717010498,11.531257999999999,0.090269006435717683,-0.16880246337662008,-0.34697644210933021,-0.21582665774286802,-0.44390233221574132,-0.19263555699347545,-0.16280798862917933,0.040027156407196784
72.453315164000003,2.9619910717010498,10.505331999999999,0.090673787190184929,-0.12195029442451144,-0.30867626908435675,-0.18660358014192191,-0.44622609395705737,-0.23307092478112068,-0.11174552551383954,0.042193240327113912
72.469238278000006,2.9608914852142334,10.921868999999999,0.090806061454764567,-0.083599716215310593,-0.2682448694425279,-0.18409704426294837,-0.44717881556723027,-0.24152056355798024,-0.070250322035121826,0.039233003348359219
72.485264927000003,2.95941162109375,11.251612,0.090952118274171351,-0.04217020036809771,-0.21351899542843,-0.17904474834790562,-0.44818448857000803,-0.25258405257206817,-0.026262698757683722,0.037842075808027786
72.501276199000003,2.9579315185546875,11.423768000000001,0.09107027315815569,-0.0013907487945079566,-0.1416366480754121,-0.17193890841381609,-0.4489663091434557,-0.2591295705992458,0.016892084564275933,0.037325593272363733
72.517343855000007,2.956451416015625,11.126198,0.091194533364725605,0.037000377909443216,-0.055034553719654156,-0.16810533713142028,-0.44983788843756167,-0.26629705887789878,0.057132627168726913,0.038614559484940969
72.533389706999998,2.956451416015625,11.774258,0.091517238834040948,0.07104570462955806,0.029373025291242527,-0.14948300462764053,-0.45203989062265498,-0.29378212711147711,0.08713650142956908,0.051079610396167041
72.549288607000008,2.9546113014221191,12.644435,0.091633015922777963,0.10760801183541346,0.12328436301631029,-0.14454415249478281,-0.45289757893844007,-0.29832064119000679,0.12312627815590815,0.052859077784894737
72.565320266000001,2.9527716636657715,12.264889999999999,0.091742045829125624,0.14087624073955496,0.19528604005095573,-0.13717175154713601,-0.45363088550349956,-0.30352495506263688,0.15492575992238855,0.055161172665551206
72.581330985000008,2.9516713619232178,12.958342,0.091889066106786349,0.16728484914745856,0.2422860638111537,-0.13402114849269608,-0.45466085302715464,-0.30917992378690728,0.17908507257652673,0.060218117726885012
72.597257327000008,2.950570821762085,11.804569000000001,0.092003799308070788,0.19025726539067556,0.27952897278183997,-0.13181007685435375,-0.4555479139245755,-0.31479690718682773,0.20071802418244644,0.065333836581654481
72.613339057000005,2.950570821762085,11.916051,0.092276661573483437,0.2106267071260195,0.30739269907906852,-0.11962791208136636,-0.45745115689784371,-0.33543472779929839,0.21782620751884707,0.07984933098872915
72.629283827000009,2.9494717121124268,12.294077,0.09237830576209019,0.2274312452983871,0.32993116378675147,-0.11748540235860361,-0.45823484960282151,-0.33643479545139088,0.23469804661231919,0.086526895347773802
72.645704506000001,2.9479911327362061,11.498096,0.092480886822198238,0.2436123189740087,0.35078886650425467,-0.11680347869537044,-0.45901106576167161,-0.33934872228217561,0.25158896267796749,0.09171686455869299
72.661952888000002,2.9465112686157227,12.586026,0.092577768134788782,0.25670111697365883,0.36627114292033625,-0.11381492799997162,-0.45967145808204357,-0.34162606099836679,0.26471510971839152,0.097950574538613111
72.677295088999998,2.9450314044952393,14.040668,0.092648566770934804,0.26807158042391421,0.3773127149269726,-0.11333876446671098,-0.46022377812943926,-0.34129261418025125,0.27701649197547695,0.10251835131364295
72.693242378000008,2.9450314044952393,13.757882,0.092881736725161479,0.27087513049053591,0.38525813495254324,-0.10310755080822531,-0.46192890851427848,-0.3557704682006757,0.27274414190060625,0.10603586078866378
72.709397068000001,2.9435515403747559,13.291539,0.092977709031646705,0.27471822629929044,0.39371901643596763,-0.10232863368327472,-0.46269816037172623,-0.35747866750075208,0.2721527555818497,0.1004643885150589
72.72528182500001,2.9420711994171143,13.337611000000001,0.09306553411357163,0.27907207047279048,0.40183687327834994,-0.10600848173865529,-0.46342178301804071,-0.35901042876811928,0.27374948603046789,0.095936774256486501
72.741250188000009,2.9405899047851562,13.364850000000001,0.093140196384931151,0.28273749741884835,0.41252644756405621,-0.10808949045552652,-0.46403884189869543,-0.36036599062625019,0.27457868263571328,0.093927383249640783
72.757251718000006,2.9391114711761475,12.939660999999999,0.0932028217862267,0.28608205309056434,0.42637710617923097,-0.11073008768558879,-0.4645669348998917,-0.36031065566745668,0.27539091524115022,0.092837902843051268
72.773314978000002,2.9391114711761475,12.821918999999999,0.093357448739043974,0.28816951716656192,0.44470129351220433,-0.10317236476127079,-0.46565035519296172,-0.3688405959332951,0.27382248984710245,0.10265545740505821
72.789237200000002,2.9376311302185059,13.105016000000001,0.093401981128047304,0.29191531077822219,0.47137035824058993,-0.11124341095003132,-0.46608201892591872,-0.36667025995109537,0.27782545606298825,0.10429164467939422
72.806645123999999,2.9361469745635986,12.539709,0.093611540140915078,0.34414714416683623,0.49801588920717393,-0.10762781374475949,-0.46675814318059217,-0.37270272851030795,0.35802252528170797,0.028468105171009839
72.821286166000007,2.9346661567687988,13.160411,0.093728611740850509,0.36749985758190745,0.49801976719910696,-0.10703116874689655,-0.46721761717754773,-0.37142897417988008,0.39974663727356852,-0.01510652884071817
72.837322151000009,2.9339284896850586,12.977577,0.093838568361198679,0.3560716445028882,0.49802363049895332,-0.10708016750062654,-0.46762210294267315,-0.3740498732447185,0.39539122643667568,-0.056967791172951365
72.853276412,2.9339284896850586,12.649267999999999,0.093970553061441878,0.36415451372623125,0.49802490597557014,-0.097867851884476664,-0.46846053900297269,-0.3825807099330179,0.41571727844312645,-0.056805882558750298
72.869391214000004,2.9331889152526855,16.404481000000001,0.094007326045181971,0.36226063903606243,0.49802624843438498,-0.10157242646670284,-0.46867233551824827,-0.37870759482417388,0.40903691294193845,-0.066561430157443979
72.885343355000003,2.9328289031982422,16.153891999999999,0.094004873328937186,0.36374919716485399,0.4980260667672175,-0.10687899980552373,-0.46879364424007397,-0.37494557661636008,0.41601329328819903,-0.056287702779286519
72.901372620000004,2.9324684143066406,15.65438,0.094009225313078953,0.36304210978314855,0.49802647767212432,-0.1077198653048157,-0.46886269344037657,-0.371128635505382,0.41026740471840206,-0.053539635048093004
72.917298892000005,2.9321081638336182,13.709151,0.093997304194159456,0.36365962353253456,0.49802647445634285,-0.10783434875579445,-0.46885809112166221,-0.36647019304976403,0.41409021603904161,-0.045984708091260984
72.933266048000007,2.9321081638336182,14.796507999999999,0.094117978662708324,0.36563412276497931,0.49802840069950499,-0.095508812021328993,-0.46952801907164976,-0.37570717651222824,0.41567201819123589,-0.05227526958687001
72.949362268000002,2.9321081638336182,15.211694,0.094060415084575327,0.36531218426257583,0.49802685572842365,-0.097247197084413983,-0.46941249569697951,-0.36785478000789329,0.41943094204013787,-0.024972673720636607
72.965301256000004,2.9321081638336182,12.353294,0.09402496728735843,0.36288908055192248,0.49802627871749394,-0.099308557760682703,-0.4693271638615974,-0.36133132591803108,0.40754211657098738,-0.010800379594293474
72.981336253999999,2.9324681758880615,12.735367,0.093952084540746425,0.36083739101385159,0.49802461875398712,-0.10156156242689107,-0.46911645545720382,-0.35431706998035772,0.40534664831335565,0.015223354842365922
72.997310040000002,2.9328281879425049,14.87912,0.093882290032081442,0.35795054795597392,0.49802337502065586,-0.10247164148662335,-0.46887008379491157,-0.34540438274133134,0.39553742707317241,0.032980381523318059
73.013296537000002,2.9328281879425049,14.631142000000001,0.09398559326902331,0.36001688445488478,0.49802503837028078,-0.087460846943589132,-0.46943572900792035,-0.35831318469125006,0.39948543636438405,0.022709708800412898
73.029254025,2.9331881999969482,12.452132000000001,0.093871693570598921,0.35793780702424993,0.49802227270299226,-0.08899244396871353,-0.46912155375246684,-0.34533541479452734,0.40089079509158987,0.058781517437608954
73.045240333999999,2.9335489273071289,12.472937,0.093870656136694958,0.35661513217528928,0.49802334696261985,-0.090027658654481257,-0.46905155062003595,-0.34091525092340491,0.38915287722853265,0.049945641859171275
73.061284537000006,2.933908224105835,14.417989,0.09366625012773655,0.34986644475610684,0.49801817574614671,-0.084928145310875891,-0.46845716791847963,-0.32414039598427469,0.38019369005230441,0.10784336158543617
73.077258433000011,2.9350078105926514,12.577961999999999,0.093553044711830166,0.33802859834288346,0.49801615589143422,-0.08149949864526107,-0.46805949612841252,-0.30890028319785867,0.34040654317789354,0.12846720708382087
73.09327719800001,2.9350078105926514,12.943015000000001,0.093651439178570522,0.34215784871775012,0.49801774346989458,-0.060002304717798438,-0.46856674257112352,-0.32596070325725313,0.34956532646273253,0.11395626254081215
73.10929933700001,2.936107873916626,12.484615,0.09345628934624986,0.33162578577917623,0.49801286828156965,-0.057960078326455999,-0.46805252425989941,-0.30631609002199012,0.33111484234233313,0.1694062817845321
73.125243777999998,2.9372081756591797,15.603256999999999,0.093331081315967512,0.3103754841283437,0.49801092441974348,-0.054422903354282681,-0.46764337857968752,-0.29083625476271369,0.27455330637356568,0.18225383555176045
73.141247632000002,2.9386880397796631,14.646963,0.093169276169293186,0.28491237025184146,0.49800785991191276,-0.055480606561605583,-0.46720705804366131,-0.27701019040565633,0.22443920946875906,0.20851164777223552
73.157286526000007,2.9401679039001465,15.061680000000001,0.093068974211741373,0.26928691316419417,0.49800726282668067,-0.049649880636177812,-0.46677971832805937,-0.26424214395147216,0.19616495089616492,0.20590204532685341
73.17329529700001,2.9401679039001465,15.123834,0.093119484869110009,0.26947679153084714,0.48691628548612259,-0.025513260049020658,-0.46718559776082652,-0.28018584643639266,0.19399817743535408,0.20675089655115642
73.189284641,2.9423880577087402,14.989846999999999,0.093027428452328434,0.25852651218396083,0.44510570220000667,-0.017150315193731558,-0.46681829068619435,-0.26866089605264976,0.1717252246256642,0.20661517911126381
73.205326525000004,2.944608211517334,15.061836,0.092940783905082244,0.24850717092380492,0.38565683221769298,-0.012094336493245095,-0.46649076417574675,-0.26142188108278219,0.15321231293131632,0.20597827414622216
73.221287969000002,2.9468283653259277,16.262858999999999,0.09285112019008554,0.2364466760235242,0.34095215581525551,-0.0069843647117089347,-0.46616140848643345,-0.25474826386027516,0.13118201755916914,0.20502818910029852
73.237340137000004,2.9501676559448242,13.552937,0.09276517704895143,0.21840999069312517,0.30570682155554429,-0.0045091014604174973,-0.46588359633830467,-0.24908614776726479,0.099104831352427425,0.20658273621655177
73.253332920000005,2.9501676559448242,14.617927,0.09282807555517314,0.21952159948514982,0.30400504933896855,0.015212034811323605,-0.46639120266203454,-0.26886503379864934,0.098961696511167929,0.20554404497180023
73.269269395999999,2.9535081386566162,12.573098,0.092732114024421664,0.19775812089399558,0.26929140765161463,0.013654083301382514,-0.46610413568032899,-0.25995275413589924,0.064722646787600979,0.20607918765293931
73.285319729000008,2.9572110176086426,14.649599,0.092647532194788662,0.17339016018055275,0.22491829382569861,0.013282847520901697,-0.46585822282820938,-0.2539207874473397,0.029747549756024227,0.20748633671888861
73.301307382000005,2.9609079360961914,14.590654000000001,0.092563522722443753,0.14881263705669134,0.17394388014886175,0.014059685555505297,-0.46559174900864736,-0.24739607968358523,-0.0015212272108655611,0.20822352215898654
73.317280255,2.9646084308624268,12.392726,0.092485573176846192,0.12386544826232182,0.11531001182812517,0.012305818558825621,-0.46537089255186348,-0.24209334324761311,-0.030928026162939659,0.20836302754314495
73.333248320999999,2.9646084308624268,15.796916,0.092525424591287445,0.128445089310814,0.12803090038086395,0.016336535048498746,-0.46600081070962063,-0.27158781913122088,-0.025308647139539175,0.20362416745045131
73.349301095000001,2.9694266319274902,12.609022,0.09248494122469296,0.10108686164693559,0.055632894511560949,0.018524825073544804,-0.46576466728296601,-0.26162956989635511,-0.054200341012993647,0.20780230828014012
73.365306787000009,2.974247932434082,12.469733,0.092392180589764603,0.068505293923868393,-0.028045332349336149,0.011085875667262712,-0.46552794108614376,-0.25524442818735826,-0.085321287383692379,0.20967174201867422
73.381248295000006,2.9794471263885498,14.828944999999999,0.092291070237874528,0.032484954775458874,-0.11247226792653819,0.0047053408791875029,-0.4652368969759168,-0.24775845207564151,-0.11463405663724302,0.21130247678324388
73.39726369600001,2.9846479892730713,12.646943,0.092198901738311259,-0.0034923022096613465,-0.18141293218722865,-0.00035910546842643498,-0.46492590349577106,-0.23806428045761319,-0.14084499800966555,0.21235306946169707
73.41344323300001,2.9846479892730713,14.585495999999999,0.092297743225297754,0.012725440963613721,-0.15355849606149263,0.0099747867074455598,-0.46558570986161119,-0.25902948900842881,-0.12621581425623418,0.20849906671902296
73.429882843000001,2.9898488521575928,15.471997999999999,0.092193644743427922,-0.021682080089089339,-0.21044791116907646,0.0053657035401641906,-0.46523506671642717,-0.24798018225062979,-0.14936483545703894,0.21012539272010322
73.445280503000006,2.9950478076934814,14.760323,0.092083879243507305,-0.056392889168126459,-0.25616390613760842,-0.0001013815977657373,-0.4648446698817259,-0.23585444153874402,-0.17165309719739241,0.21129717174617468
73.461275751000002,3.0002481937408447,14.692221999999999,0.091900117271204868,-0.096042057786565493,-0.30403300852130322,-0.014692384670052405,-0.46440910058432505,-0.21425185590445706,-0.19959779743979666,0.21212927485852795
73.477267124000008,3.005817174911499,12.024183000000001,0.091865603892506045,-0.12417102479417785,-0.32575471801258438,-0.017020254094369136,-0.46406059560470869,-0.2106424623568186,-0.21370861138037611,0.21574746705271686
73.493272235000006,3.005817174911499,14.651389999999999,0.091992591865825382,-0.099299326359185258,-0.29948499909566983,-0.0091439016680467944,-0.46485837788645717,-0.23463433273096079,-0.1933105108333173,0.21135667196205077
73.509300500000009,3.0113670825958252,14.115703999999999,0.091890540504356133,-0.12842299077944652,-0.32487029610570239,-0.021529205876309021,-0.46460950967710996,-0.22908521649655,-0.21076803097366081,0.21428769303808259
73.525232076000009,3.0169296264648438,14.919053999999999,0.091794813933856217,-0.15290329758776444,-0.34320137885725277,-0.030096467608764499,-0.46428728190331947,-0.21713529869482784,-0.22426077443406811,0.21590449428152425
73.541324626000005,3.0221271514892578,15.183866,0.091682104263551487,-0.17374463157019626,-0.35624995686015382,-0.039013708397650504,-0.46390733646630089,-0.20433259215372779,-0.23573473436756132,0.21794202598847434
73.557235947000009,3.0273277759552002,14.323461,0.091558406932139791,-0.19358357190028563,-0.36884579817556862,-0.047506693437515679,-0.46346606860375855,-0.1887470182964357,-0.2474454128674104,0.22038928302734462
73.573272465000002,3.0273277759552002,14.390817999999999,0.091705439249396919,-0.17048764959171514,-0.35337541995867117,-0.037375474354966798,-0.46429046410370856,-0.22058674130014611,-0.22695045619950349,0.21667736932398896
73.589315485,3.0317678451538086,12.249927,0.09158610899313338,-0.18209298352222802,-0.36174419804537905,-0.042795335198274387,-0.46378768666050307,-0.20304375790814033,-0.2314601258710276,0.21517138742774655
73.605287517000008,3.0362074375152588,14.548078,0.091468302819689068,-0.19304877069177273,-0.36719174477472905,-0.048652787966830147,-0.46336719840724039,-0.19139242723369998,-0.23571421886521904,0.21570244919688264
73.62131196,3.040647029876709,14.517464,0.091363635844474017,-0.20256070852790309,-0.37303110604798118,-0.057921184411096505,-0.46300004800428585,-0.17919751682326668,-0.23929624780770453,0.21612025733551832
73.637301358000002,3.0447275638580322,14.523391999999999,0.091253911132502669,-0.2087334836729422,-0.37657986547333966,-0.067936244740192109,-0.46260597825275396,-0.16521018263011378,-0.24053808511886388,0.2156070113326134
73.653273771000002,3.0447275638580322,15.175015999999999,0.091434703995189409,-0.1829724067183669,-0.36010931416399838,-0.0594059544888772,-0.46356782485223735,-0.20371232601080314,-0.21497558767416081,0.21236832102826497
73.669280827000009,3.0488073825836182,13.08544,0.091329568130362832,-0.1907809801618825,-0.36494082086364354,-0.069874231615344229,-0.46321008793424606,-0.19031232280546062,-0.21493019509469136,0.21045253730115476
73.685318034000005,3.0525166988372803,15.585528,0.091251753084541989,-0.19339326893556397,-0.36630766183382502,-0.077536398207204371,-0.46296148526201192,-0.18190052591553885,-0.21243527732941558,0.21069922346890024
73.701334609,3.0562071800231934,14.175345999999999,0.091193462640783152,-0.19427439335045094,-0.36650766998151774,-0.082447986741161827,-0.46277922960814377,-0.17589530231370931,-0.20876064908043546,0.21157907140147536
73.717221546000005,3.0599102973937988,14.100061,0.091127936675046733,-0.19439905631961452,-0.36603983134588347,-0.087731516200499016,-0.46256932155006392,-0.16916744024141206,-0.20390838740265593,0.21230557350273394
73.733686747000007,3.0599102973937988,13.615335,0.091340496039120048,-0.16215299198581512,-0.34452998731353901,-0.078235330945069848,-0.46362838135443701,-0.2095410943309477,-0.17032122905147418,0.2095615760150622
73.749276071000011,3.0628688335418701,14.069604,0.091309327304612525,-0.15492320296748652,-0.33670481386561324,-0.081345150547331713,-0.46359263063201006,-0.21102182051761176,-0.15827186355571854,0.20975384564837185
73.765463521000001,3.0658323764801025,11.360481999999999,0.091293431395103694,-0.14843956373983325,-0.33125913862601486,-0.089629057381475974,-0.46364611587528992,-0.2123650365794334,-0.14724478063112301,0.21067406991966386
73.781305244000009,3.0676698684692383,15.677322999999999,0.091287477848831844,-0.13259580112016067,-0.31710787035086696,-0.093894143441396238,-0.46370860557164401,-0.2164626041599842,-0.12657135754943738,0.20968729006387932
73.797353731000001,3.069509744644165,11.453232,0.091280648288456917,-0.11615170770933325,-0.30137731010162128,-0.097826050237511453,-0.46376255379577047,-0.21829994874252323,-0.10491352048788372,0.20924118272939651
73.813285901,3.069509744644165,13.696930999999999,0.0915071224312453,-0.085128244888899474,-0.27000463049012247,-0.09110462823034382,-0.46487600505993609,-0.25041159861386442,-0.072944950201645042,0.21404902365259026
73.829264907999999,3.0713493824005127,12.98292,0.09147298061766275,-0.058324622241173074,-0.23465828552054546,-0.089748798591539725,-0.4648272664573106,-0.25348459497922171,-0.041300039042887704,0.2096213425856952
73.845232263,3.0728297233581543,13.768034999999999,0.091467859201391832,-0.036759203708655264,-0.20117182560486668,-0.090104657226032003,-0.46486343289262083,-0.25568884690757376,-0.014541586844451615,0.20933187587004198
73.861297140000005,3.0743098258972168,10.651472999999999,0.091447555058038213,-0.017142439579355795,-0.16549226693595642,-0.092008890136348498,-0.46483941589358529,-0.25621750455721526,0.0032641073057533276,0.21147778820401264
73.877244738000002,3.0754096508026123,10.710285000000001,0.091462919103282941,0.0044887152959027787,-0.12116953434040667,-0.095379499920849042,-0.46500266380280592,-0.25926382826516736,0.027554996249506303,0.21185473920441922
73.893291325000007,3.0754096508026123,10.499872999999999,0.091643341354490759,0.039783073404995761,-0.039283690370602642,-0.082264834055344238,-0.46589728154176091,-0.28367531749969777,0.0615212600825501,0.21426407659475721
73.909325222000007,3.0765097141265869,10.032507000000001,0.091621882126726298,0.056708207349000617,0.0078893906517265577,-0.079695987683436442,-0.46584892664406391,-0.27934180233304851,0.080726342577456478,0.21542428105875011
73.925318468,3.0776097774505615,10.467271,0.091620446403766653,0.073514840220871847,0.053931741008298673,-0.078510269824853651,-0.46591546491348151,-0.28115663971948779,0.098335234531205629,0.21683597544181943
73.941264214,3.0768699645996094,10.372767,0.091618542467702596,0.10062864587279563,0.12335142390968201,-0.074862238905787137,-0.46595237375492748,-0.28216295041171557,0.12458928113564127,0.21439710912612497
73.957378421000001,3.0761299133300781,10.285408,0.091612920900617956,0.12580553554914076,0.17963031111898786,-0.072176123998950459,-0.46597179821036433,-0.28141346146100621,0.14852954097870352,0.21159699965719092
73.973233992000004,3.0761299133300781,10.311926,0.091763953238076887,0.14986086379529873,0.22401440255264404,-0.060996469634876149,-0.46673347414908906,-0.30015003045702637,0.16833770335778198,0.21341148426754408
73.989329318000003,3.0757699012756348,10.094487000000001,0.091746013880811161,0.16701177989781968,0.2539292758735705,-0.057161882067060077,-0.46672142185409693,-0.29807168974671605,0.18410433933824422,0.21151897012674858
74.005278967999999,3.0754098892211914,11.44262,0.091734424889031385,0.18237041976561486,0.27804814075474482,-0.056754154631576625,-0.46673383045405276,-0.29689859765494919,0.19822775774512991,0.20917962121827216
74.021261628000005,3.075049877166748,10.295301,0.091724305755962146,0.19505378766195314,0.29663308343663175,-0.057735909120584239,-0.46678631347967869,-0.2977776045894438,0.20914135039227233,0.20682340810924593
74.03726764000001,3.0743095874786377,10.47081,0.09170998679163056,0.20827248106109053,0.31495618780978596,-0.05610399371419561,-0.4667934585906991,-0.29776710641528326,0.22131667475072447,0.20346615156493364
74.05323605400001,3.0743095874786377,10.161187999999999,0.09182430324496299,0.22013622296208979,0.32933642915572925,-0.045026989130573014,-0.46739567350304551,-0.31347330851279798,0.23037560441857607,0.20533411374792188
74.069252569,3.0735697746276855,10.403852000000001,0.091794533623617502,0.22945182138335873,0.34092144843989836,-0.043762035025650903,-0.46734370877866616,-0.30916056289731042,0.23864580709007299,0.20190048853916842
74.085331502000003,3.0724697113037109,12.951145,0.091715829801356008,0.23916183351901132,0.36132851814586875,-0.045724506381834118,-0.46727282847248208,-0.31389194312913976,0.24790682411736853,0.19249116866232541
74.101316334000003,3.0713698863983154,10.445478,0.091739247482106212,0.24765010441683977,0.36451732343085119,-0.035184181825716365,-0.46715724979090051,-0.30300020935211591,0.25624178324872915,0.19443533211468456
74.117340912000003,3.0702695846557617,10.301676,0.091717271767647768,0.25500531340826615,0.37141410308282374,-0.031937053858303699,-0.46715124725756063,-0.30390543186187219,0.26296710453212313,0.19209253322964948
74.13328786000001,3.0702695846557617,10.589689999999999,0.091810460828715579,0.26099143021850058,0.37803312770001707,-0.022266741006408353,-0.46767780627974226,-0.31667484603414053,0.26870524534524165,0.19401733528435905
74.149346410000007,3.0695297718048096,10.66775,0.091772802065930359,0.26638952562139639,0.38506054152837166,-0.02479308341654729,-0.4676127129914745,-0.31095632294674264,0.27438689403789951,0.19178845512564635
74.165279844000011,3.0687897205352783,10.872647000000001,0.091739701989188932,0.27039288230369607,0.39079776837182889,-0.026653919396483872,-0.46755598047826435,-0.30738578667741662,0.27762015889834402,0.1908880847785781
74.181332471000005,3.068429708480835,10.426351,0.091691837571835438,0.2729196993580123,0.39618491976294701,-0.034153053438547687,-0.46747370190343901,-0.30325828338140459,0.27954836850818054,0.19076519379150447
74.197256385000003,3.0680696964263916,10.227422000000001,0.091644529666831981,0.27472294776713824,0.40066574694428159,-0.040054755110762841,-0.46739499461295303,-0.29959666884981878,0.28200592584394357,0.18929332512374053
74.213279899,3.0680696964263916,10.299132999999999,0.091729508292552692,0.27860223244852556,0.40793267110667975,-0.03346877725724795,-0.46788734759671696,-0.31201229878396503,0.28488578947631993,0.19505589342690932
74.229296839,3.0677087306976318,10.141613,0.091677086037258021,0.28026496758046093,0.41537147040722244,-0.039565492723589557,-0.46778132857208782,-0.30498617042570741,0.28624850428855098,0.19680115711536672
74.245272145000001,3.0669708251953125,10.257194999999999,0.091620787395515463,0.28283627999861594,0.4247770227851364,-0.0472902801343551,-0.46766066396029288,-0.2997970408160312,0.28873641072540934,0.19663774853419014
74.261236484999998,3.0662307739257812,11.196631999999999,0.091570286622482594,0.2849942479193075,0.43762956545734522,-0.054087269805211946,-0.46756854201194092,-0.29664737602988789,0.29066167509424901,0.19668234504902316
74.277243531000011,3.0662307739257812,11.962505,0.091497712549305318,0.28452752296795403,0.45335334157981022,-0.061235430345956132,-0.46738064914232252,-0.28950536435369667,0.28966139074500674,0.19734784456573706
74.293301647000007,3.0662307739257812,14.7605,0.091581043399739423,0.28671079981121217,0.47386342957310645,-0.057195520501242214,-0.46788648780814035,-0.30344487146170446,0.29016515125642428,0.20309960353879575
74.309256165000008,3.0662307739257812,11.711209999999999,0.091488060837950511,0.2846929179865807,0.49800936615121466,-0.063069296029372168,-0.46762760769359879,-0.29193127858173784,0.28584488533860508,0.20472645674118617
74.325244424000005,3.0662307739257812,13.284062,0.091564682013536819,0.31937263337728528,0.49801277561582052,-0.063221391126869975,-0.46752990525789478,-0.29121950233960747,0.32689876485088121,0.16904221733306812
74.341354539000008,3.0662307739257812,11.004049999999999,0.09143101769635191,0.31869982996530943,0.49801210617028341,-0.069664241187012976,-0.46719028308314425,-0.28281140327866344,0.3253184236271629,0.1742832948823736
74.357249937000006,3.0662307739257812,13.393973000000001,0.091336316757885283,0.31151395297034012,0.49801243570814913,-0.072619905146410701,-0.4668079971245111,-0.27200906037806816,0.31825358374280555,0.16802422943258222
74.373334490000005,3.0662307739257812,13.578243000000001,0.091449898026912252,0.31847165033386649,0.49801341216291156,-0.061636403064202483,-0.46728109223452291,-0.2886875699881809,0.32721233532134519,0.16231324907965217
74.389326494000002,3.066972017288208,14.410465,0.091167557026196555,0.30137970022752114,0.49801005974637802,-0.069315367597141631,-0.46668910599076391,-0.26698482056563133,0.29935623517234866,0.19869629075063777
74.405300823000005,3.0677120685577393,13.786483,0.090986565047212378,0.27886046155262889,0.49800886099577457,-0.074025362584482224,-0.466208948712444,-0.25131979963460443,0.2661272313038161,0.20638841626218962
74.421261952000009,3.0684506893157959,13.835345999999999,0.090823904520937318,0.26603512622719361,0.49800797609365371,-0.078605323458948106,-0.46576992648937732,-0.23842882799342716,0.24820683478252548,0.21209008361723569
74.437285494999998,3.0691907405853271,14.094859,0.090670551584349987,0.25934716698791682,0.49800762561509193,-0.084312295862996933,-0.46529128254558161,-0.22533408291685225,0.24006908108290403,0.20998215573702161
74.453293555000002,3.0691907405853271,13.675805,0.090741151793255481,0.26089033726977462,0.48905088848360023,-0.074422649065255086,-0.46572002415166275,-0.24254236223425335,0.24030796133385479,0.21188389222285942
74.470388600000007,3.0699310302734375,13.514690999999999,0.09057670636944698,0.25513487699559079,0.46767122763150748,-0.075228095816118667,-0.46517078684152818,-0.22763498790177952,0.23037618502664614,0.20989222026497067
74.485356718000006,3.0714106559753418,13.777214000000001,0.090400339018135309,0.2461975197228643,0.41682486172315136,-0.076860514230094878,-0.46458357702683706,-0.21142389106414927,0.21672796148263274,0.20941532292716225
74.501332629000004,3.0728938579559326,11.309265999999999,0.090215269263750342,0.23694891099784243,0.37859654675657506,-0.080677160341995346,-0.46398777137906966,-0.19532593842500673,0.20257565547621326,0.20842848126412505
74.517328108000001,3.0743708610534668,13.300314,0.090041431034645403,0.22754219931226061,0.35058084079226948,-0.08606028414905964,-0.46344818609531746,-0.18016009973345282,0.19010659893517712,0.2072735975850275
74.533249161000001,3.0743708610534668,13.633442000000001,0.090126116544898077,0.22880502135684289,0.34666350835114201,-0.074402784921755227,-0.46394782571338655,-0.20551553732361455,0.18962463298155896,0.20804098730126341
74.549253786999998,3.0765900611877441,11.517725,0.089933738736829541,0.21413963001610092,0.32954792395787535,-0.077897219969955245,-0.46335831861658083,-0.18909649099658543,0.16911608890199403,0.20999745303294581
74.565332820999998,3.0788106918334961,11.227726000000001,0.089751359154219404,0.1984427673139546,0.31035067057830901,-0.084877756727316012,-0.46286037269719899,-0.17488237612743618,0.14854033641900344,0.2102634528107199
74.581286814999999,3.0817708969116211,13.484705,0.08955649094989214,0.17941986270630039,0.28542765229953027,-0.090872880322184102,-0.46228386139848354,-0.16007379116542553,0.12430325493680527,0.2125885772700542
74.597248135000001,3.0847306251525879,13.333898,0.089360539323895982,0.15912118458667202,0.25704328587485747,-0.092848683175301261,-0.46172316549404546,-0.14664381795212589,0.099084402489474144,0.21379661399586247
74.61327982600001,3.0847306251525879,11.416244000000001,0.089457283947111638,0.16519868784022407,0.26591708820805238,-0.078830771520649989,-0.46220563018115879,-0.17556191263748189,0.10445360594441411,0.21429704641587932
74.629346595000001,3.0876896381378174,13.635823,0.089272239124972008,0.14693091547897374,0.23842720563013842,-0.084294050048455915,-0.46170391349411033,-0.16429766731356865,0.08324296710905088,0.21555960724301393
74.645232911000008,3.0913910865783691,13.224328999999999,0.089054489633588918,0.12329349421237268,0.19813787617142253,-0.090044389323868046,-0.46107641565257562,-0.14984950390674967,0.056305298132890869,0.21763278817938669
74.661370282000007,3.0950896739959717,13.582795000000001,0.08883974917428307,0.099278752016806138,0.15117958396322706,-0.096618286948629617,-0.46046044028718575,-0.13503502583285631,0.030891727581838779,0.21966277625885766
74.677314335000005,3.0987904071807861,11.114436,0.088600379304385357,0.074056372526472458,0.095587431976653647,-0.10220799006021508,-0.45972152398406485,-0.11268974450284142,0.0050619736717649744,0.22162602463513892
74.693313268000011,3.0987904071807861,10.642728999999999,0.08871693071948461,0.085084847792966656,0.12105574733083557,-0.090613349561611045,-0.46027074941101981,-0.14431720483509203,0.015992989929983992,0.22104894656955487
74.709282705000007,3.102489709854126,10.340287999999999,0.088565913512941408,0.062444934269468177,0.06771292150979491,-0.10100243075342874,-0.45984289702906184,-0.1248188642596777,-0.0048912544062247321,0.2266007476515437
74.725334795999999,3.1061897277832031,10.189375,0.088275169242008442,0.039721917042957244,0.013443319389075725,-0.10281891087556261,-0.4589598529393869,-0.10769542584036063,-0.026293538033066,0.22392940469582179
74.741310988000009,3.1098899841308594,10.298374000000001,0.088050135750629671,0.01853665047755193,-0.038518727024005273,-0.10845811234612768,-0.45832797349002785,-0.094489715403409225,-0.04481353374325181,0.22471887368813626
74.758209122000011,3.1135907173156738,10.525161000000001,0.087852170526607876,-0.00073365248662327076,-0.082994524854228757,-0.11309819434611867,-0.45777355215512294,-0.084919700516474128,-0.06077280012816999,0.22576731528393701
74.773264990000001,3.1135907173156738,10.575453,0.088055063027773356,0.017634537651591842,-0.039959684308932708,-0.10116971191200008,-0.45860081827797905,-0.12961245356957607,-0.041329892991043948,0.22525538163253955
74.789286948000012,3.1176719665527344,12.54724,0.08785640242480211,-0.0033153266320518071,-0.088107532740124839,-0.10245119766753419,-0.45804298424802864,-0.12156393246216379,-0.05927021428304613,0.22776843031268434
74.805232478000008,3.1217503547668457,10.682544,0.087658928610355874,-0.024364657873089612,-0.13298233305323137,-0.10638297437562017,-0.45748240986522642,-0.10857171695880274,-0.076280252901050005,0.22953180842401366
74.821253015000011,3.1258301734924316,10.497961999999999,0.087437531447725175,-0.044409225441562228,-0.17124717795811151,-0.11008140028040359,-0.45684609707331902,-0.096077386270240983,-0.092920281541481131,0.23073429505230969
74.83727419200001,3.129530668258667,11.230098999999999,0.087265804868288499,-0.059257644003174903,-0.19679078784936266,-0.11317832490423996,-0.45636893989867588,-0.085659348572328819,-0.10383139771415983,0.23135838898377514
74.853286607000001,3.129530668258667,10.748863,0.087488805744913106,-0.038053736803760785,-0.15869782460743309,-0.10463089202713505,-0.45727310303455437,-0.12759496744880128,-0.082529230037543755,0.22993005437976599
74.869264061999999,3.1332299709320068,10.185252999999999,0.08727570817167743,-0.052100965993556514,-0.18350825760573741,-0.10671315093543043,-0.45665043860669008,-0.11511253253121445,-0.093039843515946075,0.23066261832519785
74.88526851200001,3.1365702152252197,10.186863000000001,0.087104296923263463,-0.062546475097541077,-0.20020511700682064,-0.10805442843838975,-0.45611939147994995,-0.10235447318584567,-0.099104155258906701,0.23080036287289118
74.901254735000009,3.1399095058441162,10.294631000000001,0.086933459229053323,-0.070286987750421304,-0.21206873517740377,-0.10904426497465636,-0.45559505462868388,-0.09236109452748098,-0.10330582861300996,0.23108291135977232
74.917262637000007,-3.139934778213501,11.984563,0.10156668087664995,0.40991622309021153,0.51007457619217467,0.49870210873846649,-0.50029611892390657,-0.50118404492075475,0.50246296167469218,-0.49894627240750927
74.933338031000005,-3.139934778213501,14.476896,0.073764997949887515,0.40144637187925236,0.50597386862097438,0.50238658876355924,-0.56370305982419633,-0.52559154397504337,0.49823734890299787,-0.49718575752111677
74.949286201000007,-3.1365952491760254,21.514966999999999,-0.55259086661311141,0.40109902895961852,0.50445410260827339,0.50120559665944886,-0.54778946458125832,-0.51945253945883096,4.1270922116528084,-0.49713713147571242
74.965259393000011,-3.1332554817199707,33.941690000000001,-0.92069341848208242,0.40134059505938818,0.504610483657284,0.50052591981463668,-0.54677592731234392,-0.52003227998043211,6.8355062767454999,-0.49784345869894958
74.981363284000011,-3.1299147605895996,27.418185000000001,-0.83566240373997258,0.40267707922288454,0.50428638878293897,0.49836491209774686,-0.53693407683625727,-0.51027261845016036,4.2958681240390533,-0.50015947573688158
74.997299031000011,-3.1265745162963867,42.320708000000003,-0.79600641186426835,0.4026615064260427,0.50431241392719395,0.49819589867673053,-0.53649176738875648,-0.5049034507446406,3.5186573829340517,-0.62790913295040318
75.013308239000011,-3.1265745162963867,45.102246000000001,-0.72706596266753953,0.40259297532938437,0.50436683182404252,0.49806284660429329,-0.53607524010075625,-0.54157960402886696,2.7540953296627486,-0.92582929381335266
75.029293371000009,-3.1231429576873779,33.604315999999997,-0.64356433487393783,0.40268390950409882,0.50438128791582237,0.40643600419911941,-0.53544234671213997,-0.66431958189385676,2.1923107930112367,-1.0957882567561794
75.045379864000012,-3.1206142902374268,33.172823000000001,-0.54940184991006735,0.40276506415515084,0.50428513249534879,-2.2760490904864739,-0.53420764992995362,-0.78670971774941678,1.993980378734501,-1.1355154687280899
75.061282306999999,-3.1180143356323242,43.128590000000003,-0.48923038985796441,0.40274057720431555,0.50430826261514983,-1.3720135370310496,-0.53430586596443364,-1.2843470239929164,1.5237340472237548,-1.151181160061665
75.077282483000005,-3.1154146194458008,39.136971000000003,-0.43062863103641014,0.40274506928992582,0.50438129790534147,-2.1168844963992801,-0.57810290201069159,-1.4044006595378946,0.55704860607055728,-1.1249000298154215
75.093271455000007,-3.1154146194458008,31.663533999999999,-0.36940517125754857,0.40283787314133307,0.5043975242789519,-1.5874814786342129,-0.73577330612118086,-0.68106465285497786,0.49838668842961908,-1.0415050455747781
75.10926846000001,-3.1128149032592773,36.721867000000003,-0.31794399693150188,0.40294272103264783,0.50430904122927434,-1.3488801052063204,-0.99422502292603054,-0.67501216082521842,-0.55191753854184444,-1.0583167061020096
75.125253343000011,-3.1102144718170166,34.570698,-0.27556413932214946,0.40304791516729616,0.50418668616947315,-1.1902266886092552,-1.3096325983315074,0.94719351705454713,-0.52985587166349413,-1.1276157112339735
75.141383355000002,-3.1076149940490723,32.987912999999999,-0.22770798603153064,0.40378908230944105,0.50420364636054427,-1.0513709096820421,-1.5184117671836104,0.79886960647671224,0.540470350111244,-1.1135726523686096
75.15732275900001,-3.1050140857696533,37.034858,-0.20469842985002795,0.40384376528519239,0.50415677576965578,-1.2067560485087125,-1.7652219354769603,0.87409639947377971,0.9182194764689009,-0.85437062692781562
75.173273613000006,-3.1050140857696533,32.795599000000003,-0.1863415327603157,0.40386438369055455,0.50407249821026456,-1.5739582810486419,-1.9479420799174487,0.90584320897678283,0.98648795906578945,-0.49013195575740476
75.189269750999998,-3.1001946926116943,32.157555000000002,-0.16811394678039546,0.4037335265912757,0.50377258873574093,-1.6073807640774826,-2.006714421380031,0.8912905668702169,1.0320548770760991,-1.2183586012021959
75.20522191500001,-3.0953752994537354,36.380344999999998,-0.15562080691695826,0.40372038667352339,0.5035834057211539,-1.4408039087525102,-2.0593817731983828,0.87425222026710758,1.087684554128151,-0.48813296637628656
75.221272786,-3.0905551910400391,33.180565999999999,-0.14408567920600268,0.40404116817594288,0.50342826543560848,-1.1283096461698079,-2.0222945094818603,0.46705046204547523,1.1154381335612191,-2.163899903405095
75.237243482000011,-3.0820136070251465,36.954214999999998,-0.13540733538102262,0.4051371645935033,0.50350703183240897,-0.66431537334306601,-1.961241101928372,-3.712433281849647,1.1327725340652799,-1.6434167038162053
75.253283605000007,-3.0820136070251465,44.549926999999997,-0.12941519753210443,0.40662358612057392,0.50354783910939083,1.2627161993874561,-1.933833622892889,-2.4958662137184575,1.1636291998779669,-1.7046273515406229
75.269299253,-3.0734763145446777,37.439453999999998,-0.12401647883415555,0.40859633100877668,0.50360448991294338,0.91476976377329355,-1.8509992165278213,-1.8627528673594309,1.1655770847034252,-1.7118148658556744
75.285277105000006,-3.0675344467163086,38.351576999999999,-0.12034880730336034,0.41160714320090086,0.50364596804364747,0.90545617483295393,-1.8087360700231905,-1.5588523242358958,1.183058117214784,-1.7050167018614069
75.301326691,-3.061596155166626,36.170216000000003,-0.11699829324498739,0.4159719794421044,0.50372901549254101,0.91828052510319136,-1.7231421497011918,-1.4577692363451094,1.1732152699420837,-1.621083494450176
75.317235090000011,-3.0556542873382568,42.726709,-0.11479855808267585,0.42319049359550476,0.50388002067303972,0.95423617108400827,-1.6791398190075195,-1.4958777900283682,1.1806584957144042,-1.5509183753137872
75.333305055000011,-3.0556542873382568,33.540843000000002,-0.11295845523628839,0.4347998513633009,0.50429171249013971,0.97011542644500703,-1.5984646792285957,-1.4991348308029608,1.1609761775624408,-1.4357012549015771
75.349313275,-3.0504543781280518,40.445430000000002,-0.11173153782091638,0.45294996360736284,0.50486687265772157,0.99877429384773342,-1.5731555937932427,-1.5132106423310419,1.1687089878080761,-1.3637012743231307
75.365372811,-3.0452547073364258,30.402038999999998,-0.11013646497371499,0.46858395494814686,0.50560544143419006,0.96262595335291246,-1.4312705067390503,-1.3963133485816457,1.0961325297533042,-1.202747613123609
75.381245602000007,-3.0404345989227295,49.381359000000003,-0.10988638724582472,0.49635775550464967,0.50719011869180286,0.98328960563512813,-1.4214818506614761,-1.3931869739467397,1.1010950657125513,-1.1534603170394901
75.39733974100001,-3.0356144905090332,45.201999000000001,-0.10986885365321741,0.52699437999122833,0.5095118319004116,0.983782059027695,-1.3810229358172128,-1.3569115515570309,1.0818597526080687,-1.0900947295694092
75.413271698000003,-3.0356144905090332,51.794778999999998,-0.11088497747087356,0.56555243725594795,0.5130521789129221,0.99543315771404872,-1.3675403311437433,-1.3460805610035129,1.0780317369467785,-1.0536755352940712
75.429333576000005,-3.0307948589324951,43.324596999999997,-0.11225361638071306,0.59586539148382955,0.51669412856593111,0.97267128561430083,-1.2989479888025068,-1.2818876966453128,1.0358437602799853,-0.98954430336281141
75.445320038000006,-3.0263547897338867,52.861243000000002,-0.11412281566518642,0.63164406003829321,0.52110830772396843,0.96383081909915425,-1.2589496799729805,-1.2460374378224064,1.0110810158521351,-0.94979328420005549
75.461313375000003,-3.0219144821166992,45.229996999999997,-0.11611425038476704,0.65838118661573442,0.52523729591537904,0.93893433122112491,-1.1964904260405145,-1.189166784939345,0.96887794864746968,-0.90200738235026656
75.47728479700001,-3.0178353786468506,54.093172000000003,-0.11877586955939476,0.69085427262623844,0.53038785086376161,0.92819134855993246,-1.1600926077999412,-1.1578769564739133,0.94298164332254297,-0.87312618887673232
